Date,"Roger Federer","Rafael Nadal","Novak Djokovic","Andy Murray"
2015-07-01,22065,14036,18019,15932
2015-07-02,64163,115440,26477,39840
2015-07-03,46326,53919,33152,25381
2015-07-04,83447,30107,27943,66359
2015-07-05,22853,13265,11233,13563
2015-07-06,62423,25958,57535,75151
2015-07-07,41926,20130,39804,32367
2015-07-08,83124,30558,51351,69384
2015-07-09,47975,20077,26437,38520
2015-07-10,229482,55363,103922,124756
2015-07-11,132299,41044,59755,51114
2015-07-12,613664,159030,630797,92331
2015-07-13,109945,48205,141558,20248
2015-07-14,32889,16307,45515,7500
2015-07-15,17818,9378,22287,4527
2015-07-16,13093,7307,15917,4074
2015-07-17,10440,6055,11964,4086
2015-07-18,9412,5312,10501,11819
2015-07-19,9366,5377,9821,11151
2015-07-20,9431,5059,9059,4379
2015-07-21,7753,4216,6087,2576
2015-07-22,7109,3658,5208,2156
2015-07-23,5770,3371,4800,1894
2015-07-24,5653,3366,5808,1887
2015-07-25,5282,3298,4317,1707
2015-07-26,5255,3280,4584,1827
2015-07-27,5000,3637,4872,1513
2015-07-28,5089,4490,4424,1585
2015-07-29,4723,3529,3797,1421
2015-07-30,4811,3890,3665,1476
2015-07-31,4235,3810,3290,1437
2015-08-01,4275,4141,3321,1423
2015-08-02,5263,7824,4019,1742
2015-08-03,4287,4895,3541,1378
2015-08-04,4287,3297,3319,1610
2015-08-05,4025,2797,2935,1474
2015-08-06,3635,2626,2819,2789
2015-08-07,4211,2713,2839,5178
2015-08-08,9439,2860,3238,2102
2015-08-09,4571,2933,3297,1688
2015-08-10,4019,2790,3421,1659
2015-08-11,4116,2866,3898,1787
2015-08-12,4093,3576,4003,2291
2015-08-13,5333,4550,4940,2963
2015-08-14,5003,4350,4765,2609
2015-08-15,5787,6829,8847,3475
2015-08-16,7462,5235,12845,14682
2015-08-17,6561,4677,8272,11136
2015-08-18,5244,3573,4392,3867
2015-08-19,5786,3343,4674,3379
2015-08-20,5243,4540,5832,3755
2015-08-21,8847,6730,6709,6176
2015-08-22,14634,5062,9566,6457
2015-08-23,36075,7827,15274,4513
2015-08-24,25550,7096,9936,3280
2015-08-25,10401,5544,5583,2307
2015-08-26,7482,6434,4785,2025
2015-08-27,6792,4767,4447,1967
2015-08-28,6795,5107,5250,1892
2015-08-29,5850,4144,3684,1756
2015-08-30,6253,4187,4559,2187
2015-08-31,10830,7857,8843,16368
2015-09-01,15929,24147,9323,12217
2015-09-02,14745,14291,9042,16900
2015-09-03,16750,11559,16217,12569
2015-09-04,21619,9438,13313,7990
2015-09-05,38544,57795,18481,8695
2015-09-06,26245,18939,18079,21057
2015-09-07,26843,16070,39056,25786
2015-09-08,82600,19356,24264,33527
2015-09-09,36895,16852,36136,7893
2015-09-10,47998,13126,18721,6933
2015-09-11,36057,13411,29254,5896
2015-09-12,88930,20991,42510,7908
2015-09-13,78261,22648,58964,7409
2015-09-14,273327,85564,321378,16909
2015-09-15,28688,14333,38106,4254
2015-09-16,13819,7707,17894,2585
2015-09-17,9781,5456,10583,2497
2015-09-18,8236,5117,8845,4400
2015-09-19,8220,4921,7664,13623
2015-09-20,9673,4767,7561,10394
2015-09-21,7634,3969,6085,3772
2015-09-22,8094,4090,5831,2681
2015-09-23,8526,3460,5434,2083
2015-09-24,7148,3866,4778,1868
2015-09-25,6307,3306,4662,1577
2015-09-26,5267,2549,4020,1296
2015-09-27,4677,2765,3832,1346
2015-09-28,5020,3793,4003,1507
2015-09-29,4676,2939,3615,1310
2015-09-30,4491,2807,4094,1356
2015-10-01,3892,2675,3625,1233
2015-10-02,3844,3334,3874,1419
2015-10-03,3840,2595,3720,1339
2015-10-04,3896,2618,3647,1357
2015-10-05,3961,2892,3664,1285
2015-10-06,3760,3223,4771,1327
2015-10-07,3793,3387,4221,1335
2015-10-08,3799,2880,3838,1186
2015-10-09,3454,3252,3841,1183
2015-10-10,3880,4176,5422,1292
2015-10-11,5837,6934,12892,1657
2015-10-12,4982,4219,7727,1693
2015-10-13,5314,3291,5054,1946
2015-10-14,4385,4297,4867,1844
2015-10-15,4458,4281,5156,2311
2015-10-16,4482,4863,5780,2913
2015-10-17,5006,5341,8800,2821
2015-10-18,6478,5000,18523,2202
2015-10-19,5163,3809,9465,1569
2015-10-20,4095,2984,5706,1299
2015-10-21,3786,2859,4605,1400
2015-10-22,3599,2540,4040,1250
2015-10-23,3306,2603,3545,1138
2015-10-24,3163,2131,3233,1105
2015-10-25,3463,2265,3883,1211
2015-10-26,3615,3156,4219,1242
2015-10-27,4045,2803,3564,1226
2015-10-28,3916,3599,3430,1263
2015-10-29,4591,2934,3316,1206
2015-10-30,5056,3661,3470,1236
2015-10-31,5365,4062,3640,1332
2015-11-01,16918,8178,5878,1802
2015-11-02,10810,5084,5185,1913
2015-11-03,5842,3300,4402,1509
2015-11-04,5910,3620,4346,1939
2015-11-05,6642,3984,5048,2546
2015-11-06,5361,4595,5620,3271
2015-11-07,5579,4675,8701,4187
2015-11-08,6709,4630,18150,5533
2015-11-09,6749,4035,12076,2770
2015-11-10,4555,3266,6585,1809
2015-11-11,4070,2777,4995,1595
2015-11-12,4597,3132,4747,1677
2015-11-13,3963,3052,4579,1621
2015-11-14,3171,2128,3486,1457
2015-11-15,6452,3314,8367,2665
2015-11-16,5854,4806,5897,4237
2015-11-17,8133,4249,7141,3495
2015-11-18,9329,7557,6760,4657
2015-11-19,10237,5568,7036,3724
2015-11-20,8193,8478,6414,5251
2015-11-21,13572,10459,14259,3983
2015-11-22,26596,9293,33788,4452
2015-11-23,14840,7224,26034,3294
2015-11-24,6773,3998,9605,2156
2015-11-25,5091,3072,6203,2125
2015-11-26,4355,2569,4782,2522
2015-11-27,4199,2708,4597,7336
2015-11-28,4189,2773,4478,18993
2015-11-29,5789,3999,6081,36223
2015-11-30,4602,2997,4583,12503
2015-12-01,3882,2630,3854,6495
2015-12-02,3363,2618,3441,3778
2015-12-03,5631,2389,3114,2556
2015-12-04,3510,2545,3242,2481
2015-12-05,3039,1981,2684,2310
2015-12-06,3471,2503,2956,2109
2015-12-07,3443,3121,3064,1701
2015-12-08,3358,3224,3213,1590
2015-12-09,4840,2638,3329,1721
2015-12-10,3464,2609,3003,1384
2015-12-11,3584,2489,2797,1394
2015-12-12,4579,3639,2963,1429
2015-12-13,3783,3134,2961,1428
2015-12-14,3855,2796,6830,1433
2015-12-15,3931,2476,3079,1627
2015-12-16,3252,2290,2806,2581
2015-12-17,3267,1993,2485,1749
2015-12-18,3448,1896,2491,1478
2015-12-19,3006,1854,2241,1385
2015-12-20,3327,2064,2848,25052
2015-12-21,3603,1859,2643,7560
2015-12-22,4248,1790,2766,2211
2015-12-23,3634,2049,2938,1805
2015-12-24,3038,1942,2782,1494
2015-12-25,3299,2244,3166,1874
2015-12-26,3483,2269,4029,2039
2015-12-27,3600,2212,3378,1653
2015-12-28,3240,2081,3155,1539
2015-12-29,3367,2050,3159,1624
2015-12-30,3161,2107,3364,1785
2015-12-31,3165,1984,3013,2798
2016-01-01,3692,3000,3277,1833
2016-01-02,5671,3993,4295,1865
2016-01-03,5700,3712,4342,1874
2016-01-04,4958,3380,4605,3819
2016-01-05,5145,3891,4204,2345
2016-01-06,5264,3880,4575,4124
2016-01-07,8721,4368,5740,2190
2016-01-08,10494,5084,7060,2994
2016-01-09,12104,7551,14064,2409
2016-01-10,15066,6267,12932,2432
2016-01-11,7959,9720,8451,2715
2016-01-12,5635,3744,6412,2132
2016-01-13,5848,3475,5616,2051
2016-01-14,5329,3353,5277,1978
2016-01-15,5963,3249,5956,4040
2016-01-16,6056,3621,6252,3222
2016-01-17,6428,4103,7886,3263
2016-01-18,17621,9346,20670,5190
2016-01-19,26079,46825,23619,10955
2016-01-20,27382,15337,24704,6338
2016-01-21,26457,13821,18618,13901
2016-01-22,36973,13686,27914,7869
2016-01-23,20331,11653,18275,25380
2016-01-24,49126,16831,47580,12194
2016-01-25,25903,13131,22970,35774
2016-01-26,56926,18322,50616,13204
2016-01-27,31319,16590,30371,34115
2016-01-28,114762,39000,145196,27981
2016-01-29,46861,26926,70660,109002
2016-01-30,31364,17538,43693,47729
2016-01-31,103156,72199,326311,185310
2016-02-01,30713,21081,76997,27879
2016-02-02,12508,8504,27950,7948
2016-02-03,9953,6054,18029,5882
2016-02-04,7408,4841,13276,3932
2016-02-05,5833,3894,10110,3306
2016-02-06,5001,3197,8373,2984
2016-02-07,4987,3432,8822,2967
2016-02-08,4669,3325,6925,2684
2016-02-09,4848,3501,6956,14084
2016-02-10,4192,2860,5272,6109
2016-02-11,3824,3090,4856,3532
2016-02-12,3798,3466,4735,3509
2016-02-13,3966,3947,4848,3952
2016-02-14,3875,3891,4936,3648
2016-02-15,3673,3492,4526,3040
2016-02-16,3503,3144,4147,3245
2016-02-17,3661,3363,4002,4243
2016-02-18,3535,3298,4183,2528
2016-02-19,3438,3224,3951,2825
2016-02-20,3307,3079,4039,2975
2016-02-21,4007,5999,4673,2618
2016-02-22,3925,3698,5510,2320
2016-02-23,3710,3200,4601,2531
2016-02-24,4240,3423,5971,2762
2016-02-25,4449,3304,6490,2461
2016-02-26,4037,2653,4642,2483
2016-02-27,3687,2386,3725,1991
2016-02-28,3475,2443,4186,1913
2016-02-29,3546,2254,3299,2107
2016-03-01,3138,2195,2970,2452
2016-03-02,3066,2044,2664,1821
2016-03-03,3151,2125,2736,1907
2016-03-04,3044,2189,4323,3885
2016-03-05,3433,2067,4045,8103
2016-03-06,4107,2740,4752,16848
2016-03-07,3991,2782,4224,4763
2016-03-08,5077,3305,4930,2989
2016-03-09,4275,3269,4408,9540
2016-03-10,3983,3656,7951,4536
2016-03-11,3727,3126,5679,8515
2016-03-12,3543,3087,4318,4593
2016-03-13,3946,3670,4520,8065
2016-03-14,4505,6002,5953,5003
2016-03-15,3868,3631,4207,4422
2016-03-16,3780,4004,4777,2337
2016-03-17,4016,5076,5059,2155
2016-03-18,4354,5387,5562,2278
2016-03-19,5694,9333,10977,2297
2016-03-20,6688,6802,18943,2384
2016-03-21,7099,5432,18711,2300
2016-03-22,4446,3491,9680,1928
2016-03-23,4031,3009,7961,2094
2016-03-24,3990,3051,5750,1848
2016-03-25,5782,2950,5169,1732
2016-03-26,4910,4624,6711,2185
2016-03-27,5012,4969,7249,4873
2016-03-28,4678,3730,6745,6528
2016-03-29,4696,3593,7830,3616
2016-03-30,4108,2938,6371,1987
2016-03-31,4505,3034,8321,1884
2016-04-01,4627,3569,7893,1862
2016-04-02,4159,3611,7217,3890
2016-04-03,7064,4648,20733,2630
2016-04-04,6614,4145,16991,1937
2016-04-05,4277,2837,7277,1549
2016-04-06,3676,2588,5113,1369
2016-04-07,3181,2467,4664,1248
2016-04-08,3270,2246,4255,1214
2016-04-09,3314,2294,4310,1474
2016-04-10,3422,2372,4478,1632
2016-04-11,3617,2807,4521,1658
2016-04-12,4520,2709,4450,2004
2016-04-13,4664,3698,6643,1713
2016-04-14,5565,4489,5385,2674
2016-04-15,5997,5225,4718,3208
2016-04-16,4517,8847,5236,4699
2016-04-17,5640,19142,6941,2689
2016-04-18,4713,10759,6150,2094
2016-04-19,3509,5248,5031,1689
2016-04-20,3228,4657,4223,1738
2016-04-21,3400,4331,3449,1555
2016-04-22,3629,4519,3333,1706
2016-04-23,3284,5811,3638,2037
2016-04-24,4589,12670,5286,2097
2016-04-25,4260,9626,4670,1828
2016-04-26,3485,4988,3697,1629
2016-04-27,3182,4780,3206,1511
2016-04-28,3117,3839,2893,1460
2016-04-29,2920,3146,2970,1287
2016-04-30,2818,3086,2795,1276
2016-05-01,2981,2911,3002,1278
2016-05-02,4112,3304,3575,1861
2016-05-03,3880,3881,4165,2542
2016-05-04,3668,6061,5079,1964
2016-05-05,3537,4901,4954,2310
2016-05-06,4338,5410,6204,3080
2016-05-07,4758,6936,8139,5747
2016-05-08,6062,5374,17464,8501
2016-05-09,6364,4609,26101,6038
2016-05-10,4526,3238,6731,3229
2016-05-11,5753,3930,6044,2618
2016-05-12,6710,5235,7435,2630
2016-05-13,5724,7975,11437,3576
2016-05-14,5613,5354,13604,4796
2016-05-15,6973,5595,18264,19699
2016-05-16,5401,4504,9092,8702
2016-05-17,4318,3734,6260,3731
2016-05-18,4042,3478,5250,2599
2016-05-19,10715,4894,7153,2888
2016-05-20,9247,5664,8538,3194
2016-05-21,6316,5104,7842,3443
2016-05-22,7473,5654,11075,3937
2016-05-23,8103,7479,9382,7450
2016-05-24,10069,9870,12195,9677
2016-05-25,8183,7658,8792,9528
2016-05-26,9660,11416,12337,5819
2016-05-27,11964,17160,14148,8834
2016-05-28,11327,12134,19421,5935
2016-05-29,10444,8467,14148,15963
2016-05-30,8534,6891,10728,8717
2016-05-31,7598,6461,11729,5556
2016-06-01,12093,9424,18032,18206
2016-06-02,13191,10170,25474,10837
2016-06-03,20391,17658,44300,44823
2016-06-04,18978,15288,33562,24024
2016-06-05,99244,76636,379234,165211
2016-06-06,41167,30793,109928,28391
2016-06-07,15414,10844,32103,8865
2016-06-08,11125,7634,19357,6006
2016-06-09,13070,11825,22913,5636
2016-06-10,12286,8585,22042,5434
2016-06-11,10452,5219,14192,5230
2016-06-12,7960,5007,15182,6095
2016-06-13,6358,4405,12473,5422
2016-06-14,6265,4353,8547,6707
2016-06-15,6587,3939,7772,5006
2016-06-16,6095,3732,7109,4624
2016-06-17,6518,3694,8059,6250
2016-06-18,8636,3959,8115,8662
2016-06-19,9442,5169,10456,35783
2016-06-20,5515,3205,7255,7537
2016-06-21,4813,3178,6361,4115
2016-06-22,5367,3110,6200,3553
2016-06-23,4989,3027,6447,3268
2016-06-24,5468,3248,6840,3359
2016-06-25,5630,3268,6745,3265
2016-06-26,7497,4845,8737,4075
2016-06-27,25660,8472,23449,9634
2016-06-28,15624,8056,14367,17817
2016-06-29,39638,11505,29762,13307
2016-06-30,19738,8862,16883,19529
2016-07-01,35836,12071,22649,13071
2016-07-02,42777,20883,69399,45221
2016-07-03,41399,16873,35069,23170
2016-07-04,65965,21205,29700,55603
2016-07-05,29722,12673,19213,21397
2016-07-06,129966,32379,40083,100397
2016-07-07,54040,16668,22073,29854
2016-07-08,169313,37487,47675,136630
2016-07-09,58266,22653,31016,63910
2016-07-10,91066,59216,80252,662248
2016-07-11,28098,18721,25747,118292
2016-07-12,12242,7697,10513,29911
2016-07-13,8007,5021,6755,13625
2016-07-14,6771,4062,5556,10083
2016-07-15,5980,3756,5314,8899
2016-07-16,5563,3671,5326,10188
2016-07-17,5642,3734,5540,9328
2016-07-18,5033,3277,4750,6755
2016-07-19,4571,2907,4056,5277
2016-07-20,4056,2715,3773,3930
2016-07-21,4493,2547,3526,3692
2016-07-22,4003,2393,3317,3312
2016-07-23,3565,2063,3279,3353
2016-07-24,3829,2338,3709,3722
2016-07-25,3754,2397,3610,3304
2016-07-26,8574,3209,4397,3585
2016-07-27,8170,3347,4871,3562
2016-07-28,4584,2594,3868,2863
2016-07-29,4326,2802,5425,3049
2016-07-30,4282,2970,5148,3322
2016-07-31,5283,3564,13536,3580
2016-08-01,4806,3666,11568,3280
2016-08-02,3968,3097,5308,3075
2016-08-03,3636,3531,4320,3845
2016-08-04,3822,2990,4557,4571
2016-08-05,3550,2941,4046,4962
2016-08-06,6448,7690,7296,8617
2016-08-07,7301,9757,9039,8922
2016-08-08,17202,11064,35733,13037
2016-08-09,9888,11943,11217,7833
2016-08-10,6123,6281,7244,5084
2016-08-11,6972,13304,7545,9650
2016-08-12,8172,19503,8351,12655
2016-08-13,17731,78961,15957,24774
2016-08-14,17516,28625,16109,73755
2016-08-15,11864,13832,12023,72649
2016-08-16,5272,5373,5364,13292
2016-08-17,4281,4388,4398,8568
2016-08-18,4467,4443,4342,7849
2016-08-19,5229,4729,4784,8313
2016-08-20,4601,3737,4403,7253
2016-08-21,4272,3571,5372,12168
2016-08-22,4033,3467,4348,7678
2016-08-23,3871,2909,4108,4604
2016-08-24,3740,2891,3937,4108
2016-08-25,3791,3151,4236,3554
2016-08-26,4098,3595,4378,3838
2016-08-27,3539,3099,4465,3631
2016-08-28,4450,3356,5119,3602
2016-08-29,6057,8181,7550,5668
2016-08-30,7656,6424,15729,6674
2016-08-31,6403,5508,7497,11146
2016-09-01,7193,16615,7975,9330
2016-09-02,7578,9483,10392,7349
2016-09-03,11292,21973,10960,13402
2016-09-04,13869,47585,13148,9251
2016-09-05,18008,27105,27078,14512
2016-09-06,13493,10437,13711,21050
2016-09-07,13498,9817,30399,26518
2016-09-08,12348,8146,16324,14746
2016-09-09,13757,8812,28984,8529
2016-09-10,13982,8746,25719,9131
2016-09-11,18957,11911,64269,10450
2016-09-12,37829,25037,87338,27939
2016-09-13,8980,6382,13369,5679
2016-09-14,5500,4102,7054,3500
2016-09-15,4485,3253,4952,3313
2016-09-16,4251,3594,4862,7536
2016-09-17,3819,3342,4095,9199
2016-09-18,4034,3180,4199,8109
2016-09-19,3386,3534,3561,2914
2016-09-20,3836,2869,3261,2357
2016-09-21,3083,2401,2963,2845
2016-09-22,2917,2275,2939,2214
2016-09-23,2916,2266,2880,1952
2016-09-24,2764,2039,2571,2185
2016-09-25,2929,2600,2736,1902
2016-09-26,2930,2647,2928,1762
2016-09-27,2730,2150,2531,1486
2016-09-28,2703,2166,2585,1589
2016-09-29,2935,4262,2550,1813
2016-09-30,2866,3779,2585,1495
2016-10-01,2623,2504,2397,1510
2016-10-02,2391,2165,2501,1742
2016-10-03,2543,2318,2592,1736
2016-10-04,2761,2637,2823,2561
2016-10-05,2676,2383,2605,2515
2016-10-06,2581,2666,2627,1928
2016-10-07,2701,3067,2619,2184
2016-10-08,2682,2580,2711,3120
2016-10-09,3265,3307,3622,8279
2016-10-10,3303,2986,3502,4605
2016-10-11,3149,2531,3268,2603
2016-10-12,3326,3856,3447,3033
2016-10-13,3112,3041,3716,2975
2016-10-14,2965,2376,4163,3450
2016-10-15,3842,2889,7063,6299
2016-10-16,3931,2962,6152,14499
2016-10-17,3457,2630,4174,6212
2016-10-18,2885,2118,2881,2938
2016-10-19,2878,2346,2596,2473
2016-10-20,3975,3061,2377,2069
2016-10-21,3094,2731,2515,2133
2016-10-22,2521,2103,2344,1944
2016-10-23,2733,2101,2490,2269
2016-10-24,2720,2128,2659,2247
2016-10-25,3011,2061,2611,3191
2016-10-26,2789,2081,2614,3144
2016-10-27,2706,1800,2411,3362
2016-10-28,2852,1627,2464,3163
2016-10-29,2523,1717,2456,3016
2016-10-30,3436,2097,3873,8391
2016-10-31,3290,2111,3868,5332
2016-11-01,3025,1846,3211,3095
2016-11-02,3252,2072,4390,4054
2016-11-03,3321,2197,4629,4452
2016-11-04,4464,2801,8396,10191
2016-11-05,8118,5098,13455,40801
2016-11-06,7359,4839,11357,41217
2016-11-07,7189,4406,9485,28254
2016-11-08,4116,2762,4583,9328
2016-11-09,2585,1605,2602,4346
2016-11-10,2879,1746,2731,4108
2016-11-11,3145,1808,2782,4194
2016-11-12,2958,2036,2904,4131
2016-11-13,4100,2836,7970,6490
2016-11-14,3818,2628,4767,7256
2016-11-15,3906,2679,6023,6409
2016-11-16,4342,2869,5784,9785
2016-11-17,3880,2527,5323,5703
2016-11-18,3978,2332,4643,8355
2016-11-19,5270,3251,8335,20981
2016-11-20,11621,7529,32776,62364
2016-11-21,9286,6474,15135,45872
2016-11-22,4235,3287,5771,14399
2016-11-23,3295,2564,3814,7269
2016-11-24,2918,2116,4522,4904
2016-11-25,2821,1855,2989,4362
2016-11-26,2725,2043,2869,4015
2016-11-27,4802,2324,3268,4312
2016-11-28,3173,2185,2845,4843
2016-11-29,2895,2133,2169,4403
2016-11-30,2676,2023,2245,3198
2016-12-01,2501,1821,2096,2702
2016-12-02,2424,1761,2085,2667
2016-12-03,2759,1631,2044,2767
2016-12-04,2620,1617,2124,2814
2016-12-05,2785,1747,2044,2599
2016-12-06,2864,1925,3016,2957
2016-12-07,3026,2076,4545,3257
2016-12-08,2788,1835,2623,2541
2016-12-09,2423,1791,2272,2518
2016-12-10,2304,1467,1907,2297
2016-12-11,2298,1561,1976,2220
2016-12-12,2472,1683,1955,2260
2016-12-13,2566,1675,2043,2574
2016-12-14,2387,1612,2041,2398
2016-12-15,2362,1556,1927,2989
2016-12-16,2475,1546,1929,2649
2016-12-17,2593,1694,1974,2793
2016-12-18,2881,2000,2602,19579
2016-12-19,3120,2010,2430,9268
2016-12-20,2764,1614,1960,3568
2016-12-21,2711,1703,2028,2737
2016-12-22,2676,1705,1933,2300
2016-12-23,2617,1506,1894,2742
2016-12-24,12973,1666,2065,2756
2016-12-25,7189,1862,2495,2728
2016-12-26,4757,1921,2517,2566
2016-12-27,4850,1936,2531,2757
2016-12-28,4147,2061,2645,3000
2016-12-29,5372,2713,2911,3311
2016-12-30,5202,3674,3341,10626
2016-12-31,4293,4001,3159,22970
2017-01-01,5056,3543,3279,9333
2017-01-02,13986,4539,5022,7234
2017-01-03,7396,5663,4218,10263
2017-01-04,16446,4898,5167,8063
2017-01-05,8578,6783,5259,8347
2017-01-06,12443,10350,7288,9413
2017-01-07,11713,5284,15686,15865
2017-01-08,6912,4184,9714,8858
2017-01-09,6083,7936,5601,5220
2017-01-10,5465,3370,4188,4788
2017-01-11,4931,3138,4436,4933
2017-01-12,5533,4078,4974,6367
2017-01-13,5787,3589,4949,5777
2017-01-14,5422,3136,4666,5226
2017-01-15,7333,4442,5252,5660
2017-01-16,27616,8123,10610,15490
2017-01-17,17288,18545,20530,11082
2017-01-18,27033,10213,12578,17212
2017-01-19,32761,43144,58309,28982
2017-01-20,99916,16940,23517,24994
2017-01-21,45397,55490,20185,16077
2017-01-22,118459,31171,28846,46664
2017-01-23,48269,69726,22050,15686
2017-01-24,82878,29776,20686,14276
2017-01-25,58199,86800,23964,13537
2017-01-26,178051,70535,36186,18428
2017-01-27,152939,236540,53843,24952
2017-01-28,95038,90213,35426,16708
2017-01-29,1075693,629586,215678,82791
2017-01-30,247146,113487,62515,27773
2017-01-31,81493,32795,20744,10046
2017-02-01,41907,17214,11784,6326
2017-02-02,40746,12518,9097,5311
2017-02-03,24434,9994,7536,4305
2017-02-04,21507,8823,7106,5991
2017-02-05,19693,8160,6430,4717
2017-02-06,16471,6586,5086,3832
2017-02-07,13560,5721,4561,3474
2017-02-08,12046,5785,4155,3051
2017-02-09,11402,5104,4002,3100
2017-02-10,10556,4650,3664,3510
2017-02-11,10032,4433,3631,2714
2017-02-12,11311,4952,4261,2942
2017-02-13,10041,4684,3683,2658
2017-02-14,8350,4001,3169,2305
2017-02-15,8145,5021,3253,2362
2017-02-16,8211,4417,3110,2435
2017-02-17,7781,3846,3019,2406
2017-02-18,7376,3518,3099,2317
2017-02-19,9082,3914,3306,2585
2017-02-20,7590,3250,2648,2174
2017-02-21,8140,3479,2925,2235
2017-02-22,6973,3087,2555,2099
2017-02-23,5824,3607,2734,2045
2017-02-24,5661,2782,3530,2109
2017-02-25,6030,2829,2899,2314
2017-02-26,6254,3054,2664,2897
2017-02-27,7186,2834,2612,2320
2017-02-28,6925,2925,2598,2764
2017-03-01,7061,3054,2828,3433
2017-03-02,5669,3243,3632,3757
2017-03-03,5401,3763,4391,3882
2017-03-04,5346,4767,3340,6687
2017-03-05,7303,5692,3026,5073
2017-03-06,5145,3250,2671,3019
2017-03-07,4815,2674,2551,2533
2017-03-08,4690,2528,2286,2390
2017-03-09,4376,2406,2163,2340
2017-03-10,4255,2301,2107,2108
2017-03-11,4519,3187,2550,2299
2017-03-12,5908,4008,3276,5296
2017-03-13,8003,3599,4296,3563
2017-03-14,5650,3762,2977,2576
2017-03-15,10216,4608,6941,2723
2017-03-16,20760,8443,7392,3563
2017-03-17,11672,4026,3881,2566
2017-03-18,16606,3991,4332,3007
2017-03-19,29846,5055,6009,3747
2017-03-20,45595,7043,8596,4350
2017-03-21,16114,4496,4465,2770
2017-03-22,11971,3697,3496,2406
2017-03-23,9761,3202,2903,2088
2017-03-24,8048,3659,2697,2776
2017-03-25,10218,3659,3062,3962
2017-03-26,10107,5486,3453,3184
2017-03-27,13584,6174,4143,3285
2017-03-28,13639,6230,3872,3494
2017-03-29,10994,4774,3486,2853
2017-03-30,13737,7901,4021,2684
2017-03-31,14538,7583,4253,3107
2017-04-01,27648,9509,5809,3853
2017-04-02,63707,27610,11185,5921
2017-04-03,45983,14092,9743,5306
2017-04-04,17264,6065,4866,3095
2017-04-05,11811,4482,3503,2522
2017-04-06,9711,3789,3231,2452
2017-04-07,7778,3261,3162,2421
2017-04-08,7476,3007,2949,2764
2017-04-09,7664,3318,3170,3317
2017-04-10,7603,3126,2650,2943
2017-04-11,6849,2596,2340,2554
2017-04-12,6297,2427,2213,1986
2017-04-13,6394,2647,2150,1824
2017-04-14,6689,2844,2235,1837
2017-04-15,6456,2848,2121,1905
2017-04-16,6459,2993,2231,1922
2017-04-17,6407,3245,2700,2352
2017-04-18,6184,2943,3566,2240
2017-04-19,6621,4576,3267,3307
2017-04-20,7795,5384,4588,4595
2017-04-21,7004,6736,6592,2936
2017-04-22,6804,8397,4729,2679
2017-04-23,8662,18862,4825,2773
2017-04-24,7373,10472,3657,2783
2017-04-25,5906,5897,3018,2589
2017-04-26,5621,5484,2651,2368
2017-04-27,5837,5600,2747,2810
2017-04-28,5276,5552,2635,3537
2017-04-29,5847,10191,2774,4418
2017-04-30,10575,20021,3982,3164
2017-05-01,7108,11650,3689,3315
2017-05-02,6873,5779,2855,4803
2017-05-03,5733,4134,2526,2991
2017-05-04,4611,3349,2186,2222
2017-05-05,5549,4003,5599,3024
2017-05-06,4969,3368,4148,4106
2017-05-07,4716,3321,3246,2683
2017-05-08,4757,3461,3218,2796
2017-05-09,4828,3390,3246,3673
2017-05-10,4779,4717,4137,2806
2017-05-11,5154,5388,4408,4421
2017-05-12,5643,6802,3942,3247
2017-05-13,6984,13385,8112,3497
2017-05-14,8569,24271,6694,3966
2017-05-15,11718,16997,6572,8298
2017-05-16,10582,9773,5837,6430
2017-05-17,6630,7622,4484,5521
2017-05-18,6216,6925,4712,3216
2017-05-19,6352,8492,5523,4138
2017-05-20,10237,6262,7851,3100
2017-05-21,11429,6726,14093,3751
2017-05-22,8813,6429,10065,3511
2017-05-23,6732,4809,5286,2674
2017-05-24,5897,4250,4141,2639
2017-05-25,5466,4210,3824,2625
2017-05-26,6341,5427,5235,3275
2017-05-27,6361,5463,4369,2758
2017-05-28,8768,6684,5691,3985
2017-05-29,12045,13271,12151,5915
2017-05-30,11981,9620,8598,9593
2017-05-31,11052,12628,9079,6572
2017-06-01,10296,10025,7669,10644
2017-06-02,12228,17379,15882,7737
2017-06-03,13913,16648,11765,19500
2017-06-04,15553,21893,19956,9807
2017-06-05,12806,13366,10627,15228
2017-06-06,10287,11622,8465,7887
2017-06-07,22102,27218,31993,26815
2017-06-08,15218,16202,14610,14382
2017-06-09,32361,67416,20405,43647
2017-06-10,21259,38994,12776,13433
2017-06-11,116268,361342,56961,31245
2017-06-12,50289,121989,26218,14604
2017-06-13,18634,35426,9609,6422
2017-06-14,14912,20509,6366,5261
2017-06-15,10239,13967,4851,4717
2017-06-16,8980,12127,4715,7336
2017-06-17,8057,11038,4433,5893
2017-06-18,7791,9901,4189,4540
2017-06-19,8011,9099,4313,5690
2017-06-20,10999,9857,4781,10990
2017-06-21,9570,8945,5168,6960
2017-06-22,10080,8253,4357,4271
2017-06-23,10750,7796,4026,4176
2017-06-24,13381,8337,4305,4834
2017-06-25,30274,11705,6174,6546
2017-06-26,18801,9804,5743,5372
2017-06-27,14782,9872,7290,6861
2017-06-28,14119,9363,6500,7384
2017-06-29,12113,9575,5975,7193
2017-06-30,12762,8829,6693,7760
2017-07-01,12146,8804,8606,7252
2017-07-02,21367,11197,8973,19086
2017-07-03,39304,40940,17931,50498
2017-07-04,50671,23706,27732,21750
2017-07-05,32657,55514,16929,36830
2017-07-06,69715,26655,24104,22101
2017-07-07,38981,57543,19576,63573
2017-07-08,89987,34130,42662,34209
2017-07-09,37668,17342,15497,15798
2017-07-10,86953,183269,36252,58712
2017-07-11,85561,50252,38979,34772
2017-07-12,179177,40802,45635,81640
2017-07-13,102044,27017,24742,44495
2017-07-14,227631,38518,29881,35983
2017-07-15,130090,30565,22450,23132
2017-07-16,968514,147908,94453,89636
2017-07-17,323229,68917,46966,30674
2017-07-18,94138,23643,16716,11439
2017-07-19,68518,14034,10315,6988
2017-07-20,41409,10534,7682,5479
2017-07-21,26769,8332,6155,4513
2017-07-22,23249,7848,6159,5351
2017-07-23,22412,7419,5981,4345
2017-07-24,17877,6517,5469,3678
2017-07-25,16560,5946,5424,3139
2017-07-26,18521,7306,11060,4352
2017-07-27,15198,5450,6613,3121
2017-07-28,12391,4506,3858,2497
2017-07-29,11461,4315,3490,2621
2017-07-30,11688,4309,3354,2647
2017-07-31,10598,4102,3402,2401
2017-08-01,9853,3748,3097,2266
2017-08-02,10037,3702,2964,2268
2017-08-03,9684,3718,2760,2227
2017-08-04,9638,3857,2810,2515
2017-08-05,9457,3744,2818,2425
2017-08-06,9531,3727,2918,2175
2017-08-07,10549,4221,2791,2176
2017-08-08,17154,4592,3151,2197
2017-08-09,13752,5093,3048,2397
2017-08-10,13709,6046,3234,2430
2017-08-11,18287,18637,4740,3392
2017-08-12,20952,8392,4739,3079
2017-08-13,27358,7422,5311,3236
2017-08-14,14559,6811,3908,2908
2017-08-15,9209,6749,3569,2399
2017-08-16,7558,5372,2620,2223
2017-08-17,7900,7574,2684,2107
2017-08-18,6559,6777,2495,2333
2017-08-19,8072,9649,3094,2366
2017-08-20,7903,5280,2921,2716
2017-08-21,7605,7467,3107,2715
2017-08-22,8801,5873,3302,2370
2017-08-23,7261,4619,2700,2670
2017-08-24,7575,5518,3315,2171
2017-08-25,7340,4311,2914,2049
2017-08-26,8677,5737,3335,2992
2017-08-27,9202,5301,3201,3881
2017-08-28,10046,5527,3479,2508
2017-08-29,14299,14429,4739,2676
2017-08-30,39180,11454,6198,3609
2017-08-31,28761,10558,5907,3691
2017-09-01,21450,29086,6874,3782
2017-09-02,18974,26213,7085,3802
2017-09-03,45152,29322,11373,5363
2017-09-04,30254,24903,9571,5087
2017-09-05,46996,18278,9625,5409
2017-09-06,29833,28848,9651,6365
2017-09-07,82924,41957,15669,8219
2017-09-08,21048,26914,7886,4457
2017-09-09,46154,129963,20091,10192
2017-09-10,56057,154606,24745,10550
2017-09-11,72094,151573,34123,12477
2017-09-12,17692,31612,8929,4098
2017-09-13,10529,16693,5333,2749
2017-09-14,8498,12141,4295,2403
2017-09-15,6890,9664,3671,2170
2017-09-16,6181,8432,3354,1891
2017-09-17,6205,7720,4275,1868
2017-09-18,5791,6576,3159,2577
2017-09-19,5125,5752,2669,1775
2017-09-20,4871,5427,2552,1878
2017-09-21,4882,5897,2489,1712
2017-09-22,5582,5973,2437,1799
2017-09-23,7702,7779,2906,1643
2017-09-24,11794,10445,4038,1969
2017-09-25,9091,7890,3141,1797
2017-09-26,6213,5543,2435,1412
2017-09-27,5230,4917,2406,1521
2017-09-28,4474,4399,2030,1472
2017-09-29,4312,4096,1778,1324
2017-09-30,4224,4043,1895,1412
2017-10-01,4401,4189,1900,1535
2017-10-02,4202,5453,1836,1818
2017-10-03,4428,5940,1887,1868
2017-10-04,4228,4734,1905,1724
2017-10-05,4772,5064,2052,1603
2017-10-06,5034,5536,2168,1486
2017-10-07,5232,7484,2428,1626
2017-10-08,7156,16090,3617,2128
2017-10-09,6653,10444,3107,2015
2017-10-10,5263,6443,2505,1707
2017-10-11,5648,6031,2526,1674
2017-10-12,6099,6644,2655,1578
2017-10-13,7445,8412,3196,1854
2017-10-14,10567,10491,3609,2191
2017-10-15,45192,19878,7611,3332
2017-10-16,19624,9279,4571,2139
2017-10-17,9451,5126,2971,1569
2017-10-18,7233,4375,2452,1518
2017-10-19,6247,3869,2145,1548
2017-10-20,5973,3596,2186,1345
2017-10-21,5527,3383,2002,1321
2017-10-22,5778,3652,2193,1624
2017-10-23,6172,3691,2337,1572
2017-10-24,7674,3818,2468,1836
2017-10-25,6612,3497,2190,1414
2017-10-26,7689,3319,2948,1666
2017-10-27,8455,3753,2408,1555
2017-10-28,9635,3896,2407,1593
2017-10-29,27786,5996,3836,2467
2017-10-30,16519,5944,3541,2467
2017-10-31,8549,4282,2843,2468
2017-11-01,7656,6473,2921,2184
2017-11-02,7148,7002,3042,2210
2017-11-03,6415,6195,2946,1965
2017-11-04,6011,4359,2902,1719
2017-11-05,5884,3828,2841,1921
2017-11-06,5961,4322,2771,2459
2017-11-07,6624,4007,2575,3934
2017-11-08,6233,3768,3468,9869
2017-11-09,5386,3460,2751,3448
2017-11-10,5326,3315,2345,2903
2017-11-11,5364,3297,2222,2508
2017-11-12,11154,5333,3306,3592
2017-11-13,8562,7090,3353,3482
2017-11-14,12513,6988,3652,3056
2017-11-15,19075,4855,3554,2872
2017-11-16,21019,4844,3875,2768
2017-11-17,18803,4535,3199,3249
2017-11-18,21711,4638,3562,4665
2017-11-19,17935,5514,4719,4053
2017-11-20,15654,4801,4088,2894
2017-11-21,13053,3404,2836,1913
2017-11-22,11227,2916,2573,1654
2017-11-23,4480,2787,2147,1592
2017-11-24,4143,2624,2053,1555
2017-11-25,4591,2733,2086,3295
2017-11-26,4908,2947,2075,2244
2017-11-27,4585,2880,2015,2146
2017-11-28,3854,2643,1888,1917
2017-11-29,3817,2680,1706,2625
2017-11-30,3714,2478,1866,1694
2017-12-01,3537,2512,3763,1466
2017-12-02,3596,2383,2266,1439
2017-12-03,3920,2751,1976,1513
2017-12-04,3767,2917,2015,1590
2017-12-05,3841,2649,1772,1539
2017-12-06,3535,2450,1874,1479
2017-12-07,3901,2425,1778,1395
2017-12-08,3651,2435,1796,1333
2017-12-09,3540,2569,1650,1278
2017-12-10,3900,2710,1748,1394
2017-12-11,3926,2888,1677,1250
2017-12-12,4159,3126,1853,1502
2017-12-13,3735,3131,1915,1413
2017-12-14,3979,2542,1604,1519
2017-12-15,5056,3603,1903,1551
2017-12-16,7809,3033,1683,1563
2017-12-17,10353,2901,1700,2840
2017-12-18,7560,2622,1711,1796
2017-12-19,6335,2651,1748,1603
2017-12-20,3995,2630,1787,1504
2017-12-21,4405,2512,1949,2276
2017-12-22,4060,2447,1840,1773
2017-12-23,3692,2357,1571,1440
2017-12-24,3934,2573,1845,1580
2017-12-25,4486,3034,2049,3591
2017-12-26,4471,3084,2468,2502
2017-12-27,5160,3175,2640,5858
2017-12-28,6794,3925,2808,3481
2017-12-29,7525,3673,3548,3471
2017-12-30,14447,4103,3457,4004
2017-12-31,7618,3680,2534,3134
2018-01-01,6598,3387,2582,2699
2018-01-02,13263,4386,3323,11011
2018-01-03,8524,4151,3188,4903
2018-01-04,14708,5179,4515,11563
2018-01-05,9738,4918,3598,4982
2018-01-06,25509,5545,4218,3854
2018-01-07,13052,5111,3866,3479
2018-01-08,10240,4869,3982,10921
2018-01-09,8540,5906,3717,5258
2018-01-10,8511,5107,6490,3043
2018-01-11,10327,5832,5143,2782
2018-01-12,9359,5199,4273,2577
2018-01-13,10833,6745,4711,2758
2018-01-14,14610,8664,5439,3149
2018-01-15,19944,21826,9719,4712
2018-01-16,30921,13603,17558,5324
2018-01-17,22959,22587,10957,5523
2018-01-18,45185,17022,25085,6143
2018-01-19,24529,22214,12513,6264
2018-01-20,65516,21820,27442,9263
2018-01-21,45366,62405,21966,13342
2018-01-22,64212,33615,85177,12254
2018-01-23,61744,79238,28510,20297
2018-01-24,121096,37743,23455,12391
2018-01-25,57526,21377,14872,12695
2018-01-26,118661,28818,20275,9694
2018-01-27,72391,22552,15683,8842
2018-01-28,730230,158885,94730,35991
2018-01-29,210582,58818,36121,15286
2018-01-30,64275,18997,12865,6239
2018-01-31,35830,11096,7647,4198
2018-02-01,25807,9469,6054,3625
2018-02-02,21940,7733,5768,3577
2018-02-03,21098,7624,6096,4053
2018-02-04,19148,7023,5615,3797
2018-02-05,14466,5590,4226,2552
2018-02-06,12632,5560,4127,2405
2018-02-07,11864,5387,3688,2326
2018-02-08,11834,4698,3616,2451
2018-02-09,10616,4235,3189,2060
2018-02-10,10873,4079,3428,2121
2018-02-11,10767,4195,3296,2134
2018-02-12,10819,4224,3193,2016
2018-02-13,10537,4034,3125,2042
2018-02-14,11555,4235,3379,2087
2018-02-15,13154,4290,3110,2929
2018-02-16,33158,8196,4621,3886
2018-02-17,46977,9018,6216,4218
2018-02-18,45077,8313,5600,3686
2018-02-19,34585,7522,5277,3170
2018-02-20,17448,5096,3779,2441
2018-02-21,12807,4282,2981,2215
2018-02-22,11104,3750,2888,2245
2018-02-23,9932,3699,2607,2172
2018-02-24,9348,3324,2470,2428
2018-02-25,9001,3463,2591,2081
2018-02-26,8832,3455,2572,2288
2018-02-27,9343,3629,2584,1919
2018-02-28,12396,5265,2911,2128
2018-03-01,9183,3633,2574,2426
2018-03-02,8568,3615,2667,1857
2018-03-03,8902,3649,2637,1823
2018-03-04,8710,3235,2791,2136
2018-03-05,10290,3009,2568,2493
2018-03-06,11328,2877,2422,1886
2018-03-07,8076,2604,2379,1658
2018-03-08,7665,2582,2307,1844
2018-03-09,7853,2664,2347,1722
2018-03-10,7763,2710,2638,1813
2018-03-11,13636,3585,7460,2527
2018-03-12,12983,3725,6004,2506
2018-03-13,12221,3728,3527,3190
2018-03-14,10312,3204,2713,2787
2018-03-15,13442,3655,2776,2183
2018-03-16,20587,4428,4053,2396
2018-03-17,22490,4978,4059,2403
2018-03-18,34130,5847,5238,3848
2018-03-19,18148,4546,3606,4352
2018-03-20,9206,3389,2744,2393
2018-03-21,8212,3163,2759,2238
2018-03-22,7722,2937,2990,2079
2018-03-23,7118,2950,4823,4471
2018-03-24,11956,4009,5748,4253
2018-03-25,12785,5836,3867,4069
2018-03-26,7690,4235,2790,2425
2018-03-27,6613,3597,2524,2264
2018-03-28,5912,3228,2259,2176
2018-03-29,6282,3509,2727,2963
2018-03-30,6238,3311,2479,2435
2018-03-31,6125,3014,2847,2062
2018-04-01,7527,4019,3819,2314
2018-04-02,7175,4460,3214,2324
2018-04-03,5251,3579,2314,1609
2018-04-04,5280,3294,3189,1893
2018-04-05,5038,3266,2586,1609
2018-04-06,5030,3891,2100,1547
2018-04-07,5032,3705,2064,2032
2018-04-08,7167,5354,2648,1963
2018-04-09,6087,4648,2468,1781
2018-04-10,5129,3465,2236,1522
2018-04-11,4520,3175,1901,1496
2018-04-12,4528,3219,1888,1490
2018-04-13,5176,3115,1858,1457
2018-04-14,4934,3068,1960,1605
2018-04-15,6197,3512,2254,1808
2018-04-16,5301,4168,3604,1858
2018-04-17,5090,3738,2969,1891
2018-04-18,5402,5232,4416,2041
2018-04-19,6557,6615,6039,2194
2018-04-20,6692,8001,3882,2038
2018-04-21,6472,9518,3167,2184
2018-04-22,9020,21535,4380,2513
2018-04-23,6982,12592,3450,2219
2018-04-24,5561,6523,2537,1977
2018-04-25,6972,7503,5239,2205
2018-04-26,5496,6806,3421,1891
2018-04-27,5147,7170,2802,1648
2018-04-28,5455,8967,2683,1807
2018-04-29,7616,19074,3602,2264
2018-04-30,6527,12118,2986,2270
2018-05-01,5522,6341,2299,1931
2018-05-02,5020,5123,2259,1952
2018-05-03,4972,8499,2205,1760
2018-05-04,4563,4790,1929,1738
2018-05-05,4463,3996,1901,1722
2018-05-06,4706,4222,2050,1829
2018-05-07,5289,5247,3841,2229
2018-05-08,5055,5153,2924,2294
2018-05-09,5957,7127,5766,5103
2018-05-10,6487,8674,4189,3793
2018-05-11,9372,12936,3822,3382
2018-05-12,8936,7458,3136,3513
2018-05-13,7532,5591,3031,2685
2018-05-14,8862,5240,4026,2932
2018-05-15,6925,4732,3193,4949
2018-05-16,6544,5473,3423,3176
2018-05-17,6712,6545,4484,3127
2018-05-18,7509,8626,7101,3341
2018-05-19,10323,14072,15235,3497
2018-05-20,13074,30140,8417,4107
2018-05-21,10238,19061,6144,3353
2018-05-22,7534,9318,6193,2816
2018-05-23,6979,6921,4184,2408
2018-05-24,6926,7023,3682,2533
2018-05-25,7099,7674,3974,2636
2018-05-26,6984,7578,3760,2454
2018-05-27,10529,10819,5258,4029
2018-05-28,15295,22542,13809,6648
2018-05-29,13251,17547,7955,6470
2018-05-30,12791,13217,12128,6371
2018-05-31,14099,18224,8655,6950
2018-06-01,13585,14583,16609,6349
2018-06-02,20624,29934,12703,8920
2018-06-03,22482,31175,31083,11031
2018-06-04,21001,32650,15566,8078
2018-06-05,22326,26643,35065,9699
2018-06-06,22397,36234,18971,9772
2018-06-07,23049,38642,11646,7516
2018-06-08,38182,80256,15758,9914
2018-06-09,29159,47386,11491,8051
2018-06-10,159972,435879,53305,24944
2018-06-11,67721,133641,26002,12911
2018-06-12,22771,35715,9681,6014
2018-06-13,18199,22561,6512,4740
2018-06-14,13818,14945,5191,3919
2018-06-15,12511,11838,4850,4107
2018-06-16,18443,12401,5414,6761
2018-06-17,34976,14955,6665,7106
2018-06-18,22419,11753,6317,9094
2018-06-19,16452,9817,8053,27164
2018-06-20,12533,7872,4951,9090
2018-06-21,13347,7527,7477,4600
2018-06-22,14576,7692,8278,4459
2018-06-23,17401,8551,11006,4979
2018-06-24,21192,11186,18036,6406
2018-06-25,13614,9685,6386,7047
2018-06-26,8960,6661,3924,6788
2018-06-27,9206,6710,3845,7016
2018-06-28,8382,6011,3426,4924
2018-06-29,10941,7624,3853,6055
2018-06-30,11014,7572,3990,5529
2018-07-01,18122,11501,5459,19473
2018-07-02,55599,18440,9171,17708
2018-07-03,30527,25156,12957,10851
2018-07-04,75990,26647,11742,11233
2018-07-05,37298,35607,14582,13316
2018-07-06,62154,22445,11801,10243
2018-07-07,46197,45275,58183,17897
2018-07-08,56891,39345,19046,10024
2018-07-09,87123,56640,32109,16308
2018-07-10,44771,26510,17013,18899
2018-07-11,137713,94155,46515,21984
2018-07-12,52404,49792,26369,14998
2018-07-13,84739,202236,164823,35150
2018-07-14,86132,184194,219351,31181
2018-07-15,95058,91383,421950,45796
2018-07-16,37066,32851,101679,15973
2018-07-17,15895,13357,27986,6809
2018-07-18,12276,9933,16330,4519
2018-07-19,10813,8329,11956,3586
2018-07-20,9171,7676,10767,3390
2018-07-21,9329,7113,9088,3144
2018-07-22,9547,7331,8326,3308
2018-07-23,8451,7253,7878,2962
2018-07-24,7658,5844,6479,2657
2018-07-25,6677,5338,5639,2783
2018-07-26,5940,4916,5084,2223
2018-07-27,6853,4550,5034,2243
2018-07-28,5862,4787,4822,2777
2018-07-29,6482,5717,4882,2832
2018-07-30,5646,4809,4536,3782
2018-07-31,5762,4496,4308,6553
2018-08-01,5699,4231,4195,6013
2018-08-02,5446,4151,3875,5231
2018-08-03,5321,4275,3921,9658
2018-08-04,5413,4108,4010,5236
2018-08-05,5804,4442,4005,3470
2018-08-06,6032,4409,4297,3072
2018-08-07,6755,4163,5059,2457
2018-08-08,12691,4777,5107,2139
2018-08-09,9008,6415,6373,2222
2018-08-10,7256,9096,5626,2620
2018-08-11,8283,13293,5158,2716
2018-08-12,12399,30476,6900,3519
2018-08-13,10629,21600,6736,5396
2018-08-14,8222,8505,6082,3573
2018-08-15,8896,6717,5100,2495
2018-08-16,7218,5892,5209,2283
2018-08-17,9880,6225,7201,2451
2018-08-18,17337,7788,11058,3161
2018-08-19,27969,11681,26172,4398
2018-08-20,20177,13970,34799,5747
2018-08-21,8624,6518,11107,3640
2018-08-22,6995,5287,6934,2388
2018-08-23,6794,5398,6034,2433
2018-08-24,6289,5434,5964,2508
2018-08-25,7116,5179,5163,3082
2018-08-26,6922,5528,4925,3047
2018-08-27,10031,9154,6892,10184
2018-08-28,18605,19846,12909,7679
2018-08-29,27500,12016,9882,19062
2018-08-30,23264,26548,10860,11328
2018-08-31,20774,44411,18391,5554
2018-09-01,35581,22238,10769,6439
2018-09-02,34066,45454,27199,7244
2018-09-03,25445,24377,23996,7461
2018-09-04,91175,32098,23815,9150
2018-09-05,42532,117187,26419,9931
2018-09-06,23492,28156,55237,7596
2018-09-07,23991,54196,28862,7514
2018-09-08,33529,46366,66799,13194
2018-09-09,44875,42496,150989,16265
2018-09-10,56313,52007,154521,18749
2018-09-11,17117,15147,31626,6285
2018-09-12,11030,9589,16307,3938
2018-09-13,9188,8086,11804,3381
2018-09-14,11667,6566,8844,2864
2018-09-15,7000,5518,7708,2555
2018-09-16,6951,5515,7294,2608
2018-09-17,5950,4828,5817,2342
2018-09-18,5769,4263,5035,1815
2018-09-19,6372,4503,4831,1924
2018-09-20,5450,4131,4628,1875
2018-09-21,6169,3819,4445,1823
2018-09-22,8441,4573,5676,2735
2018-09-23,9175,4677,5927,2481
2018-09-24,8359,4726,4874,2113
2018-09-25,5483,3713,3690,2455
2018-09-26,4931,3408,3359,1792
2018-09-27,4454,3260,3099,2577
2018-09-28,4263,3133,3270,2630
2018-09-29,4544,3013,3125,1924
2018-09-30,5087,3172,3311,1704
2018-10-01,4287,3240,3077,1656
2018-10-02,4001,2979,2951,1506
2018-10-03,3871,2982,2716,1912
2018-10-04,3837,2950,2653,1340
2018-10-05,4060,2711,2560,1602
2018-10-06,3773,2765,2843,1427
2018-10-07,3961,2828,2945,1469
2018-10-08,5936,2958,2850,3072
2018-10-09,4404,2946,3457,1493
2018-10-10,5856,3830,3183,1637
2018-10-11,6519,5687,4175,1667
2018-10-12,7363,4060,5136,1741
2018-10-13,9230,4439,9110,2068
2018-10-14,7960,6288,21216,2603
2018-10-15,5666,4895,9909,2045
2018-10-16,4278,3349,4902,1515
2018-10-17,3896,3093,3646,1354
2018-10-18,3889,3484,3685,1412
2018-10-19,3914,2991,3422,1315
2018-10-20,5352,3268,2984,1322
2018-10-21,4071,3417,3360,1937
2018-10-22,4134,3333,3283,3727
2018-10-23,5522,3317,2894,2085
2018-10-24,4628,2757,2570,2111
2018-10-25,5091,2799,2628,2312
2018-10-26,6903,3048,2857,2045
2018-10-27,8213,3141,3135,1770
2018-10-28,19575,4566,4736,2129
2018-10-29,11548,4306,4347,2027
2018-10-30,6833,3609,4193,1984
2018-10-31,6690,4588,5845,2267
2018-11-01,7995,4004,7180,2246
2018-11-02,8837,3789,7617,2333
2018-11-03,18044,5676,16147,2708
2018-11-04,10740,5490,15113,2663
2018-11-05,7351,5216,9093,2799
2018-11-06,5331,3633,5182,2128
2018-11-07,4296,3002,3694,1558
2018-11-08,4343,2650,3421,1672
2018-11-09,4299,2441,3223,1492
2018-11-10,5170,2897,9678,1741
2018-11-11,8620,3305,7050,2440
2018-11-12,15537,3614,7142,2603
2018-11-13,9036,3378,5449,2221
2018-11-14,7524,3573,7015,2662
2018-11-15,8356,4204,5179,2180
2018-11-16,8449,3881,6404,2390
2018-11-17,14471,4573,10305,3320
2018-11-18,12525,6200,21211,4747
2018-11-19,8242,4827,9674,3122
2018-11-20,5443,3512,5019,2370
2018-11-21,4958,3184,3713,1972
2018-11-22,4687,2787,3375,1545
2018-11-23,4754,2546,3014,1388
2018-11-24,4197,2701,2991,1406
2018-11-25,4406,3126,3091,1502
2018-11-26,3858,2718,2854,1582
2018-11-27,3780,2639,4055,1760
2018-11-28,3339,2282,2423,1391
2018-11-29,3368,2200,2362,1369
2018-11-30,3598,2714,2405,1373
2018-12-01,3264,2155,3215,1134
2018-12-02,3353,2179,2594,1212
2018-12-03,3682,2516,2596,1385
2018-12-04,3513,2272,2309,2610
2018-12-05,3608,2382,2384,2079
2018-12-06,3225,2234,2239,1380
2018-12-07,3338,2085,2292,1515
2018-12-08,3211,2268,2233,1845
2018-12-09,3377,2313,2187,1552
2018-12-10,3314,2111,2334,1543
2018-12-11,3356,2037,2220,1307
2018-12-12,3827,2191,2444,1215
2018-12-13,3386,2226,2256,1496
2018-12-14,3379,2229,2356,1158
2018-12-15,3551,2159,2447,1465
2018-12-16,3586,2116,2367,4434
2018-12-17,3202,2117,2175,2373
2018-12-18,3061,2110,2111,1346
2018-12-19,3173,2257,2064,1206
2018-12-20,3385,2242,2090,1212
2018-12-21,3157,2054,2054,1766
2018-12-22,3119,2246,2056,1128
2018-12-23,3362,2316,2157,1368
2018-12-24,3905,2368,2307,1306
2018-12-25,4080,2723,2602,1523
2018-12-26,4172,3013,2683,1484
2018-12-27,5023,3256,3346,1821
2018-12-28,5339,3782,3551,3047
2018-12-29,5259,3169,4257,3086
2018-12-30,10352,3862,4953,3076
2018-12-31,8138,3602,4256,3619
2019-01-01,21184,5858,6410,15184
2019-01-02,14210,6011,6429,9380
2019-01-03,12032,4766,6231,3334
2019-01-04,9176,4380,5878,2803
2019-01-05,49069,5685,5963,3047
2019-01-06,16968,4428,4616,3932
2019-01-07,11397,7290,4330,2735
2019-01-08,13983,4795,4244,3062
2019-01-09,13867,4332,4393,3049
2019-01-10,11966,4896,5536,5187
2019-01-11,37778,19633,22160,243949
2019-01-12,21443,12505,11399,66394
2019-01-13,20389,10041,10138,36323
2019-01-14,49440,26662,21564,135314
2019-01-15,23876,12798,18448,33716
2019-01-16,40024,22416,15151,18624
2019-01-17,28044,17548,26195,13692
2019-01-18,50981,58199,20453,12416
2019-01-19,33012,19975,27810,11799
2019-01-20,141975,57800,35124,14954
2019-01-21,45664,28862,46293,11974
2019-01-22,36612,68436,29310,10184
2019-01-23,26886,29347,34677,9119
2019-01-24,47791,121114,46116,11270
2019-01-25,39962,69974,79014,11214
2019-01-26,32211,44067,42099,9586
2019-01-27,178888,301026,500228,38450
2019-01-28,48046,55776,106841,12526
2019-01-29,18870,17774,32623,14680
2019-01-30,12009,13372,18341,8884
2019-01-31,9698,12020,14626,6896
2019-02-01,7804,8040,10134,6805
2019-02-02,9975,7393,9498,4053
2019-02-03,7427,5899,8390,3354
2019-02-04,7832,5784,7051,2906
2019-02-05,6037,5122,6048,2676
2019-02-06,5432,4682,5562,2431
2019-02-07,5096,4052,5115,2293
2019-02-08,5257,3632,4912,2193
2019-02-09,5075,3976,4921,2245
2019-02-10,5398,3711,4800,2047
2019-02-11,4639,3667,4542,1798
2019-02-12,6097,3538,4432,1774
2019-02-13,4396,3569,3930,1717
2019-02-14,3961,2851,3575,1611
2019-02-15,3987,2910,3762,1699
2019-02-16,4160,3135,3917,2797
2019-02-17,4360,3076,3940,2835
2019-02-18,4167,3219,4998,1813
2019-02-19,4252,3225,6195,1572
2019-02-20,4203,2820,4334,1627
2019-02-21,3884,2621,3979,1570
2019-02-22,3536,2551,3728,1595
2019-02-23,4289,2663,3788,1572
2019-02-24,4392,3003,4229,1611
2019-02-25,6418,2951,3864,1531
2019-02-26,5135,2886,3367,1751
2019-02-27,6052,3769,3405,1601
2019-02-28,7641,5296,3941,1738
2019-03-01,9040,3767,4043,1699
2019-03-02,31197,8489,9588,2420
2019-03-03,25420,8736,9328,2403
2019-03-04,13550,5256,5871,1940
2019-03-05,7867,3521,4209,1821
2019-03-06,6497,3517,3664,5125
2019-03-07,5735,3000,3304,2377
2019-03-08,5486,3193,3332,1603
2019-03-09,5657,3012,3764,1734
2019-03-10,8856,4175,6552,2089
2019-03-11,7871,6960,5078,1958
2019-03-12,6117,4553,5823,1842
2019-03-13,11827,6520,6353,3148
2019-03-14,9571,5026,3912,2258
2019-03-15,9258,7326,4008,1878
2019-03-16,15632,12842,6013,2382
2019-03-17,18265,7402,5698,2293
2019-03-18,21642,5199,5311,2271
2019-03-19,6408,3258,3109,1649
2019-03-20,5962,3136,3207,1412
2019-03-21,5091,2985,3247,1554
2019-03-22,5055,2844,3077,1840
2019-03-23,8741,3164,4845,1917
2019-03-24,9696,3923,5793,2416
2019-03-25,8688,3467,4644,1842
2019-03-26,8150,3787,6031,2089
2019-03-27,11432,4110,6354,2055
2019-03-28,12330,4179,4591,2073
2019-03-29,17149,5123,4570,2196
2019-03-30,19770,4371,4239,2009
2019-03-31,37519,6151,6421,2283
2019-04-01,26749,5884,6117,2186
2019-04-02,12151,4084,3791,2582
2019-04-03,7507,3422,3090,1691
2019-04-04,6563,3102,2899,1495
2019-04-05,5708,2845,2515,1354
2019-04-06,5728,2795,2709,1298
2019-04-07,5768,2786,2674,1465
2019-04-08,5328,2906,2756,1418
2019-04-09,4847,2781,2458,1342
2019-04-10,4285,2762,2443,1345
2019-04-11,4284,2715,2405,1373
2019-04-12,4200,4046,2480,1419
2019-04-13,4449,3113,2557,1375
2019-04-14,6768,3879,3357,1657
2019-04-15,6812,4212,4451,1705
2019-04-16,5695,3774,4894,1623
2019-04-17,5166,5487,3732,1494
2019-04-18,5619,5899,4131,1461
2019-04-19,5961,8524,6897,1733
2019-04-20,6665,9817,4772,1923
2019-04-21,6160,6323,4071,1748
2019-04-22,5023,4213,3150,1461
2019-04-23,4565,3612,2761,1794
2019-04-24,4525,4978,2851,1927
2019-04-25,4683,5253,2723,1682
2019-04-26,4364,5007,2541,1451
2019-04-27,5265,9035,3210,1510
2019-04-28,5424,5816,3624,3327
2019-04-29,4319,3390,2786,1460
2019-04-30,3959,3108,2521,1722
2019-05-01,4004,2889,2359,2116
2019-05-02,4144,2771,2307,1815
2019-05-03,4199,2745,2553,1923
2019-05-04,4605,3154,2853,1609
2019-05-05,4935,3163,2872,1670
2019-05-06,5480,3238,3188,1510
2019-05-07,7433,3539,3769,1967
2019-05-08,7034,5217,3477,1974
2019-05-09,11899,6444,5152,2344
2019-05-10,12785,7585,5762,2098
2019-05-11,10531,14638,10924,2592
2019-05-12,10045,11856,24410,2767
2019-05-13,6770,6308,12388,2246
2019-05-14,6017,4470,5952,2106
2019-05-15,5896,4646,5024,3893
2019-05-16,11299,6729,8040,9763
2019-05-17,10190,8016,9357,5965
2019-05-18,7872,10604,11774,3492
2019-05-19,12715,30982,21542,7036
2019-05-20,8211,15713,8659,3604
2019-05-21,6268,7515,5625,2769
2019-05-22,6629,7449,8280,2520
2019-05-23,6449,7021,5884,2229
2019-05-24,7208,7174,5541,2459
2019-05-25,7168,7082,6032,2579
2019-05-26,20156,12026,9416,4162
2019-05-27,18785,20683,15778,5374
2019-05-28,11501,11108,9936,4488
2019-05-29,20234,17182,10603,4873
2019-05-30,16506,14443,13623,5644
2019-05-31,27521,23396,13595,5568
2019-06-01,21685,21004,17309,5948
2019-06-02,37982,28974,17663,9088
