PLAYER_ID	PLAYER_NAME_LAST_FIRST	GP	3PM	3PA	FG3_PCT	20-24 FG3M	20-24 FG3A	25-29 FG3M	25-29 FG3A	30-34 FG3M	30-34 FG3A	Catch and Shoot FG3M	Catch and Shoot FG3A	Pull Ups FG3M	Pull Ups FG3A	Very Tight FG3M	Very Tight FG3A	Tight FG3M	Tight FG3A	Open FG3M	Open FG3A	Wide Open FG3M	Wide Open FG3A	Contested FG3M	Contested FG3A	Uncontested FG3M	Uncontested FG3A	25-34 FG3M	25-34 FG3A	20-24 Average	25-29 Average	30-34 Average	25-34 Average	Catch and Shoot Average	Pull Ups Average	Very Tight Average	Tight Average	Open Average	Wide Open Average	Contested Average	Uncontested Average	20-24 %	25-29 %	30-34 %	25-34 %	Catch and Shoot %	Pull Ups %	Very Tight %	Tight %	Open %	Wide Open %	Contested %	Uncontested %	Difficulty Accounted 3 Point Percentage
203932	Gordon, Aaron	58	1.95	5.81	0.335	36.0	102.0	79	236	0.0	3.0	1.53	3.91	0.4	1.81	0.0	0.0	0.03	0.4	0.53	1.84	1.38	3.57	0.03	0.4	1.91	5.41	79.0	239.0	0.308431865828	0.276488517745	0.0824859002169	0.181344680851	0.32899771167	0.26877002584	0.169497109827	0.253163793103	0.296849753695	0.343805491991	0.225381957774	0.321190984579	0.352941176471	0.334745762712	0.0	0.330543933054	0.391304347826	0.220994475138		0.075	0.288043478261	0.386554621849	0.075	0.353049907579	0.396261632054
201143	Horford, Al	69	1.32	3.09	0.427	26.0	65.0	71	161	0.0	0.0	1.2	2.86	0.07	0.09	0.0	0.0	0.01	0.04	0.17	0.45	1.13	2.59	0.01	0.04	1.3	3.04	71.0	161.0	0.308431865828	0.276488517745	0.0824859002169	0.181344680851	0.32899771167	0.26877002584	0.169497109827	0.253163793103	0.296849753695	0.343805491991	0.225381957774	0.321190984579	0.4	0.44099378882		0.44099378882	0.41958041958	0.777777777778		0.25	0.377777777778	0.436293436293	0.25	0.427631578947	0.503966149726
202329	Aminu, Al-Farouq	69	1.81	4.91	0.369	69.0	163.0	56	176	0.0	0.0	1.68	4.52	0.13	0.36	0.01	0.01	0.13	0.35	0.46	1.35	1.2	3.2	0.14	0.36	1.66	4.55	56.0	176.0	0.308431865828	0.276488517745	0.0824859002169	0.181344680851	0.32899771167	0.26877002584	0.169497109827	0.253163793103	0.296849753695	0.343805491991	0.225381957774	0.321190984579	0.423312883436	0.318181818182		0.318181818182	0.371681415929	0.361111111111	1.0	0.371428571429	0.340740740741	0.375	0.388888888889	0.364835164835	0.413363164806
202692	Burks, Alec	64	0.73	2.2	0.333	23.0	62.0	23	76	1.0	3.0	0.36	1.14	0.38	1.06	0.02	0.03	0.03	0.23	0.19	0.81	0.5	1.13	0.05	0.26	0.69	1.94	24.0	79.0	0.308431865828	0.276488517745	0.0824859002169	0.181344680851	0.32899771167	0.26877002584	0.169497109827	0.253163793103	0.296849753695	0.343805491991	0.225381957774	0.321190984579	0.370967741935	0.302631578947	0.333333333333	0.303797468354	0.315789473684	0.358490566038	0.666666666667	0.130434782609	0.234567901235	0.442477876106	0.192307692308	0.355670103093	0.391237863781
203518	Abrines, Alex	73	1.14	2.92	0.39	38.0	98.0	46	117	0.0	3.0	1.12	2.75	0.01	0.15	0.0	0.0	0.0	0.21	0.53	1.19	0.6	1.52	0.0	0.21	1.13	2.71	46.0	120.0	0.308431865828	0.276488517745	0.0824859002169	0.181344680851	0.32899771167	0.26877002584	0.169497109827	0.253163793103	0.296849753695	0.343805491991	0.225381957774	0.321190984579	0.387755102041	0.393162393162	0.0	0.383333333333	0.407272727273	0.0666666666667		0.0	0.445378151261	0.394736842105	0.0	0.416974169742	0.436870494782
203459	Crabbe, Allen	73	2.67	6.99	0.382	73.0	190.0	126	331	2.0	7.0	2.42	5.96	0.25	1.0	0.12	0.29	0.58	1.64	1.05	2.64	0.92	2.41	0.7	1.93	1.97	5.05	128.0	338.0	0.308431865828	0.276488517745	0.0824859002169	0.181344680851	0.32899771167	0.26877002584	0.169497109827	0.253163793103	0.296849753695	0.343805491991	0.225381957774	0.321190984579	0.384210526316	0.380664652568	0.285714285714	0.378698224852	0.406040268456	0.25	0.413793103448	0.353658536585	0.397727272727	0.381742738589	0.362694300518	0.390099009901	0.455798842466
1626150	Harrison, Andrew	56	0.84	2.54	0.331	17.0	58.0	30	81	0.0	2.0	0.52	1.57	0.32	0.93	0.0	0.0	0.04	0.18	0.25	0.89	0.55	1.46	0.04	0.18	0.8	2.35	30.0	83.0	0.308431865828	0.276488517745	0.0824859002169	0.181344680851	0.32899771167	0.26877002584	0.169497109827	0.253163793103	0.296849753695	0.343805491991	0.225381957774	0.321190984579	0.293103448276	0.37037037037	0.0	0.361445783133	0.331210191083	0.344086021505		0.222222222222	0.280898876404	0.376712328767	0.222222222222	0.340425531915	0.395286813939
203952	Wiggins, Andrew	82	1.37	4.11	0.332	49.0	125.0	62	203	1.0	9.0	1.1	3.15	0.24	0.94	0.0	0.0	0.07	0.38	0.57	1.55	0.72	2.18	0.07	0.38	1.29	3.73	63.0	212.0	0.308431865828	0.276488517745	0.0824859002169	0.181344680851	0.32899771167	0.26877002584	0.169497109827	0.253163793103	0.296849753695	0.343805491991	0.225381957774	0.321190984579	0.392	0.305418719212	0.111111111111	0.297169811321	0.349206349206	0.255319148936		0.184210526316	0.367741935484	0.330275229358	0.184210526316	0.345844504021	0.380757722633
203076	Davis, Anthony	74	0.73	2.18	0.335	16.0	46.0	38	110	0.0	1.0	0.64	1.92	0.09	0.23	0.0	0.0	0.07	0.12	0.12	0.45	0.54	1.61	0.07	0.12	0.66	2.06	38.0	111.0	0.308431865828	0.276488517745	0.0824859002169	0.181344680851	0.32899771167	0.26877002584	0.169497109827	0.253163793103	0.296849753695	0.343805491991	0.225381957774	0.321190984579	0.347826086957	0.345454545455	0.0	0.342342342342	0.333333333333	0.391304347826		0.583333333333	0.266666666667	0.335403726708	0.583333333333	0.320388349515	0.40366601483
201229	Tolliver, Anthony	79	2.01	4.54	0.443	55.0	136.0	104	229	0.0	0.0	1.99	4.43	0.03	0.11	0.0	0.01	0.15	0.44	0.76	1.72	1.1	2.37	0.15	0.45	1.86	4.09	104.0	229.0	0.308431865828	0.276488517745	0.0824859002169	0.181344680851	0.32899771167	0.26877002584	0.169497109827	0.253163793103	0.296849753695	0.343805491991	0.225381957774	0.321190984579	0.404411764706	0.454148471616		0.454148471616	0.44920993228	0.272727272727	0.0	0.340909090909	0.441860465116	0.464135021097	0.333333333333	0.454767726161	0.512829573997
203085	Rivers, Austin	61	2.23	5.89	0.379	46.0	114.0	90	246	0.0	0.0	0.87	2.39	1.21	3.21	0.02	0.03	0.16	0.43	1.05	2.9	1.0	2.52	0.18	0.46	2.05	5.42	90.0	246.0	0.308431865828	0.276488517745	0.0824859002169	0.181344680851	0.32899771167	0.26877002584	0.169497109827	0.253163793103	0.296849753695	0.343805491991	0.225381957774	0.321190984579	0.40350877193	0.365853658537		0.365853658537	0.364016736402	0.376947040498	0.666666666667	0.372093023256	0.362068965517	0.396825396825	0.391304347826	0.378228782288	0.455030333211
203463	McLemore, Ben	56	0.98	2.8	0.35	24.0	70.0	31	87	0.0	1.0	0.84	2.16	0.14	0.64	0.0	0.02	0.05	0.41	0.3	0.93	0.63	1.45	0.05	0.43	0.93	2.38	31.0	88.0	0.308431865828	0.276488517745	0.0824859002169	0.181344680851	0.32899771167	0.26877002584	0.169497109827	0.253163793103	0.296849753695	0.343805491991	0.225381957774	0.321190984579	0.342857142857	0.35632183908	0.0	0.352272727273	0.388888888889	0.21875	0.0	0.121951219512	0.322580645161	0.434482758621	0.116279069767	0.390756302521	0.401041218524
201933	Griffin, Blake	58	1.91	5.53	0.346	42.0	109.0	69	208	0.0	2.0	1.09	3.05	0.72	2.26	0.0	0.03	0.03	0.22	0.84	2.4	1.03	2.88	0.03	0.25	1.87	5.28	69.0	210.0	0.308431865828	0.276488517745	0.0824859002169	0.181344680851	0.32899771167	0.26877002584	0.169497109827	0.253163793103	0.296849753695	0.343805491991	0.225381957774	0.321190984579	0.385321100917	0.331730769231	0.0	0.328571428571	0.35737704918	0.318584070796	0.0	0.136363636364	0.35	0.357638888889	0.12	0.354166666667	0.405561516157
1626171	Portis, Bobby	73	1.1	3.04	0.36	23.0	74.0	57	148	0.0	0.0	1.05	2.92	0.03	0.1	0.0	0.0	0.03	0.07	0.36	1.12	0.71	1.85	0.03	0.07	1.07	2.97	57.0	148.0	0.308431865828	0.276488517745	0.0824859002169	0.181344680851	0.32899771167	0.26877002584	0.169497109827	0.253163793103	0.296849753695	0.343805491991	0.225381957774	0.321190984579	0.310810810811	0.385135135135		0.385135135135	0.359589041096	0.3		0.428571428571	0.321428571429	0.383783783784	0.428571428571	0.360269360269	0.422058575195
203992	Bogdanovic, Bogdan	78	1.65	4.19	0.394	60.0	121.0	68	194	1.0	4.0	1.09	2.77	0.54	1.37	0.01	0.03	0.21	0.69	0.76	1.99	0.68	1.49	0.22	0.72	1.44	3.48	69.0	198.0	0.308431865828	0.276488517745	0.0824859002169	0.181344680851	0.32899771167	0.26877002584	0.169497109827	0.253163793103	0.296849753695	0.343805491991	0.225381957774	0.321190984579	0.495867768595	0.350515463918	0.25	0.348484848485	0.393501805054	0.394160583942	0.333333333333	0.304347826087	0.381909547739	0.456375838926	0.305555555556	0.413793103448	0.465475635369
202711	Bogdanovic, Bojan	79	1.92	4.77	0.403	67.0	154.0	88	228	0.0	4.0	1.63	4.08	0.28	0.63	0.0	0.01	0.15	0.43	0.66	1.75	1.11	2.58	0.15	0.44	1.77	4.33	88.0	232.0	0.308431865828	0.276488517745	0.0824859002169	0.181344680851	0.32899771167	0.26877002584	0.169497109827	0.253163793103	0.296849753695	0.343805491991	0.225381957774	0.321190984579	0.435064935065	0.385964912281	0.0	0.379310344828	0.399509803922	0.444444444444	0.0	0.348837209302	0.377142857143	0.43023255814	0.340909090909	0.408775981524	0.465349502074
203078	Beal, Bradley	82	2.41	6.35	0.38	57.0	141.0	142	383	0.0	2.0	1.66	3.85	0.73	2.44	0.01	0.07	0.27	0.9	0.83	2.5	1.3	2.88	0.28	0.97	2.13	5.38	142.0	385.0	0.308431865828	0.276488517745	0.0824859002169	0.181344680851	0.32899771167	0.26877002584	0.169497109827	0.253163793103	0.296849753695	0.343805491991	0.225381957774	0.321190984579	0.404255319149	0.370757180157	0.0	0.368831168831	0.431168831169	0.299180327869	0.142857142857	0.3	0.332	0.451388888889	0.288659793814	0.395910780669	0.457254864042
201572	Lopez, Brook	73	1.49	4.34	0.344	33.0	79.0	78	242	1.0	4.0	1.44	4.19	0.04	0.11	0.0	0.0	0.07	0.12	0.21	0.82	1.22	3.4	0.07	0.12	1.43	4.22	79.0	246.0	0.308431865828	0.276488517745	0.0824859002169	0.181344680851	0.32899771167	0.26877002584	0.169497109827	0.253163793103	0.296849753695	0.343805491991	0.225381957774	0.321190984579	0.417721518987	0.322314049587	0.25	0.321138211382	0.343675417661	0.363636363636		0.583333333333	0.256097560976	0.358823529412	0.583333333333	0.338862559242	0.404571296622
1627854	Forbes, Bryn	80	1.11	2.81	0.396	42.0	96.0	47	131	0.0	0.0	0.95	2.41	0.16	0.39	0.0	0.0	0.1	0.28	0.45	1.2	0.56	1.34	0.1	0.28	1.01	2.54	47.0	131.0	0.308431865828	0.276488517745	0.0824859002169	0.181344680851	0.32899771167	0.26877002584	0.169497109827	0.253163793103	0.296849753695	0.343805491991	0.225381957774	0.321190984579	0.4375	0.358778625954		0.358778625954	0.394190871369	0.410256410256		0.357142857143	0.375	0.417910447761	0.357142857143	0.397637795276	0.451698618441
1627741	Hield, Buddy	80	2.2	4.98	0.442	82.0	182.0	94	222	0.0	0.0	1.44	2.86	0.75	2.09	0.04	0.06	0.06	0.28	0.81	1.9	1.29	2.74	0.1	0.34	2.1	4.64	94.0	222.0	0.308431865828	0.276488517745	0.0824859002169	0.181344680851	0.32899771167	0.26877002584	0.169497109827	0.253163793103	0.296849753695	0.343805491991	0.225381957774	0.321190984579	0.450549450549	0.423423423423		0.423423423423	0.503496503497	0.358851674641	0.666666666667	0.214285714286	0.426315789474	0.470802919708	0.294117647059	0.452586206897	0.508460637053
203468	McCollum, CJ	81	2.31	5.75	0.401	73.0	185.0	113	286	3.0	4.0	1.2	2.75	1.1	2.95	0.06	0.22	0.38	1.11	0.99	2.46	0.88	1.96	0.44	1.33	1.87	4.42	116.0	290.0	0.308431865828	0.276488517745	0.0824859002169	0.181344680851	0.32899771167	0.26877002584	0.169497109827	0.253163793103	0.296849753695	0.343805491991	0.225381957774	0.321190984579	0.394594594595	0.395104895105	0.75	0.4	0.436363636364	0.372881355932	0.272727272727	0.342342342342	0.40243902439	0.448979591837	0.330827067669	0.423076923077	0.483353443519
101139	Miles, CJ	70	2.31	6.37	0.363	60.0	155.0	102	286	2.0	10.0	2.01	5.59	0.29	0.76	0.04	0.14	0.6	1.8	0.87	2.53	0.8	1.9	0.64	1.94	1.67	4.43	104.0	296.0	0.308431865828	0.276488517745	0.0824859002169	0.181344680851	0.32899771167	0.26877002584	0.169497109827	0.253163793103	0.296849753695	0.343805491991	0.225381957774	0.321190984579	0.387096774194	0.356643356643	0.2	0.351351351351	0.359570661896	0.381578947368	0.285714285714	0.333333333333	0.343873517787	0.421052631579	0.329896907216	0.3769751693	0.434342249544
1627747	LeVert, Caris	69	1.22	3.46	0.351	30.0	87.0	55	157	0.0	0.0	0.8	2.16	0.41	1.29	0.0	0.01	0.0	0.03	0.42	1.09	0.8	2.33	0.0	0.04	1.22	3.42	55.0	157.0	0.308431865828	0.276488517745	0.0824859002169	0.181344680851	0.32899771167	0.26877002584	0.169497109827	0.253163793103	0.296849753695	0.343805491991	0.225381957774	0.321190984579	0.344827586207	0.350318471338		0.350318471338	0.37037037037	0.317829457364	0.0	0.0	0.385321100917	0.343347639485	0.0	0.356725146199	0.412095081885
2546	Anthony, Carmelo	76	2.2	6.08	0.361	69.0	192.0	100	279	0.0	1.0	1.86	4.97	0.29	0.99	0.01	0.05	0.37	1.03	0.79	2.55	1.03	2.45	0.38	1.08	1.82	5.0	100.0	280.0	0.308431865828	0.276488517745	0.0824859002169	0.181344680851	0.32899771167	0.26877002584	0.169497109827	0.253163793103	0.296849753695	0.343805491991	0.225381957774	0.321190984579	0.359375	0.358422939068	0.0	0.357142857143	0.374245472837	0.292929292929	0.2	0.359223300971	0.309803921569	0.420408163265	0.351851851852	0.364	0.422192933953
101112	Frye, Channing	53	0.74	2.11	0.348	13.0	41.0	26	73	0.0	0.0	0.7	1.98	0.04	0.13	0.0	0.0	0.02	0.11	0.19	0.66	0.53	1.34	0.02	0.11	0.72	2.0	26.0	73.0	0.308431865828	0.276488517745	0.0824859002169	0.181344680851	0.32899771167	0.26877002584	0.169497109827	0.253163793103	0.296849753695	0.343805491991	0.225381957774	0.321190984579	0.317073170732	0.356164383562		0.356164383562	0.353535353535	0.307692307692		0.181818181818	0.287878787879	0.39552238806	0.181818181818	0.36	0.403879040175
101108	Paul, Chris	58	2.48	6.47	0.384	49.0	106.0	94	260	1.0	6.0	0.4	0.97	2.02	5.29	0.0	0.03	0.36	0.97	1.47	3.62	0.66	1.84	0.36	1.0	2.13	5.46	95.0	266.0	0.308431865828	0.276488517745	0.0824859002169	0.181344680851	0.32899771167	0.26877002584	0.169497109827	0.253163793103	0.296849753695	0.343805491991	0.225381957774	0.321190984579	0.462264150943	0.361538461538	0.166666666667	0.357142857143	0.412371134021	0.381852551985	0.0	0.371134020619	0.406077348066	0.358695652174	0.36	0.39010989011	0.478031551154
202709	Joseph, Cory	81	0.83	2.32	0.356	22.0	62.0	44	123	1.0	3.0	0.73	1.88	0.1	0.43	0.0	0.0	0.04	0.15	0.23	0.79	0.56	1.38	0.04	0.15	0.79	2.17	45.0	126.0	0.308431865828	0.276488517745	0.0824859002169	0.181344680851	0.32899771167	0.26877002584	0.169497109827	0.253163793103	0.296849753695	0.343805491991	0.225381957774	0.321190984579	0.354838709677	0.357723577236	0.333333333333	0.357142857143	0.38829787234	0.232558139535		0.266666666667	0.291139240506	0.405797101449	0.266666666667	0.364055299539	0.419408230292
201584	Lee, Courtney	75	1.47	3.59	0.409	56.0	125.0	57	152	0.0	1.0	1.12	2.67	0.29	0.81	0.01	0.04	0.11	0.27	0.44	1.12	0.91	2.16	0.12	0.31	1.35	3.28	57.0	153.0	0.308431865828	0.276488517745	0.0824859002169	0.181344680851	0.32899771167	0.26877002584	0.169497109827	0.253163793103	0.296849753695	0.343805491991	0.225381957774	0.321190984579	0.448	0.375	0.0	0.372549019608	0.419475655431	0.358024691358	0.25	0.407407407407	0.392857142857	0.421296296296	0.387096774194	0.411585365854	0.465897113892
201571	Augustin, D.J.	75	1.52	3.53	0.43	29.0	68.0	84	199	1.0	2.0	0.88	2.01	0.63	1.51	0.0	0.05	0.13	0.41	0.85	1.69	0.53	1.37	0.13	0.46	1.38	3.06	85.0	201.0	0.308431865828	0.276488517745	0.0824859002169	0.181344680851	0.32899771167	0.26877002584	0.169497109827	0.253163793103	0.296849753695	0.343805491991	0.225381957774	0.321190984579	0.426470588235	0.422110552764	0.5	0.422885572139	0.437810945274	0.417218543046	0.0	0.317073170732	0.502958579882	0.386861313869	0.282608695652	0.450980392157	0.519665377672
203081	Lillard, Damian	73	3.08	8.48	0.363	33.0	109.0	185	484	9.0	36.0	0.95	2.66	1.96	5.36	0.14	0.48	0.7	2.04	1.33	3.67	0.92	2.29	0.84	2.52	2.25	5.96	194.0	520.0	0.308431865828	0.276488517745	0.0824859002169	0.181344680851	0.32899771167	0.26877002584	0.169497109827	0.253163793103	0.296849753695	0.343805491991	0.225381957774	0.321190984579	0.302752293578	0.382231404959	0.25	0.373076923077	0.357142857143	0.365671641791	0.291666666667	0.343137254902	0.362397820163	0.401746724891	0.333333333333	0.377516778523	0.467046408222
201980	Green, Danny	70	1.66	4.56	0.364	65.0	154.0	51	161	0.0	3.0	1.43	3.84	0.2	0.67	0.01	0.1	0.17	0.54	0.53	1.54	0.94	2.37	0.18	0.64	1.47	3.91	51.0	164.0	0.308431865828	0.276488517745	0.0824859002169	0.181344680851	0.32899771167	0.26877002584	0.169497109827	0.253163793103	0.296849753695	0.343805491991	0.225381957774	0.321190984579	0.422077922078	0.316770186335	0.0	0.310975609756	0.372395833333	0.298507462687	0.1	0.314814814815	0.344155844156	0.396624472574	0.28125	0.375959079284	0.409327932885
201967	Cunningham, Dante	73	0.79	2.3	0.345	49.0	134.0	9	34	0.0	0.0	0.79	2.29	0.0	0.01	0.0	0.0	0.01	0.04	0.18	0.56	0.6	1.7	0.01	0.04	0.78	2.26	9.0	34.0	0.308431865828	0.276488517745	0.0824859002169	0.181344680851	0.32899771167	0.26877002584	0.169497109827	0.253163793103	0.296849753695	0.343805491991	0.225381957774	0.321190984579	0.365671641791	0.264705882353		0.264705882353	0.344978165939	0.0		0.25	0.321428571429	0.352941176471	0.25	0.345132743363	0.357195321563
203967	Saric, Dario	77	2.03	5.09	0.398	34.0	80.0	123	318	0.0	1.0	2.0	4.88	0.01	0.13	0.0	0.0	0.08	0.31	0.75	2.05	1.19	2.73	0.08	0.31	1.94	4.78	123.0	319.0	0.308431865828	0.276488517745	0.0824859002169	0.181344680851	0.32899771167	0.26877002584	0.169497109827	0.253163793103	0.296849753695	0.343805491991	0.225381957774	0.321190984579	0.425	0.38679245283	0.0	0.385579937304	0.409836065574	0.0769230769231		0.258064516129	0.365853658537	0.435897435897	0.258064516129	0.405857740586	0.471567985484
203121	Miller, Darius	81	1.75	4.27	0.41	64.0	130.0	83	225	0.0	2.0	1.54	3.81	0.21	0.43	0.01	0.05	0.19	0.56	0.68	1.64	0.88	2.02	0.2	0.61	1.56	3.66	83.0	227.0	0.308431865828	0.276488517745	0.0824859002169	0.181344680851	0.32899771167	0.26877002584	0.169497109827	0.253163793103	0.296849753695	0.343805491991	0.225381957774	0.321190984579	0.492307692308	0.368888888889	0.0	0.36563876652	0.404199475066	0.488372093023	0.2	0.339285714286	0.414634146341	0.435643564356	0.327868852459	0.426229508197	0.476873382474
201954	Collison, Darren	68	1.37	2.93	0.467	40.0	82.0	56	118	0.0	2.0	0.91	1.9	0.46	1.0	0.01	0.03	0.06	0.21	0.4	0.93	0.9	1.76	0.07	0.24	1.3	2.69	56.0	120.0	0.308431865828	0.276488517745	0.0824859002169	0.181344680851	0.32899771167	0.26877002584	0.169497109827	0.253163793103	0.296849753695	0.343805491991	0.225381957774	0.321190984579	0.487804878049	0.474576271186	0.0	0.466666666667	0.478947368421	0.46	0.333333333333	0.285714285714	0.430107526882	0.511363636364	0.291666666667	0.483271375465	0.551740393488
202722	Bertans, Davis	77	1.22	3.27	0.373	27.0	69.0	66	179	1.0	3.0	1.21	2.96	0.01	0.3	0.0	0.0	0.12	0.31	0.43	1.3	0.68	1.66	0.12	0.31	1.11	2.96	67.0	182.0	0.308431865828	0.276488517745	0.0824859002169	0.181344680851	0.32899771167	0.26877002584	0.169497109827	0.253163793103	0.296849753695	0.343805491991	0.225381957774	0.321190984579	0.391304347826	0.368715083799	0.333333333333	0.368131868132	0.408783783784	0.0333333333333		0.387096774194	0.330769230769	0.409638554217	0.387096774194	0.375	0.44274550498
1628368	Fox, De'Aaron	73	0.64	2.07	0.311	24.0	75.0	22	73	1.0	1.0	0.34	1.11	0.3	0.95	0.01	0.01	0.01	0.15	0.22	0.63	0.4	1.27	0.02	0.16	0.62	1.9	23.0	74.0	0.308431865828	0.276488517745	0.0824859002169	0.181344680851	0.32899771167	0.26877002584	0.169497109827	0.253163793103	0.296849753695	0.343805491991	0.225381957774	0.321190984579	0.32	0.301369863014	1.0	0.310810810811	0.306306306306	0.315789473684	1.0	0.0666666666667	0.349206349206	0.314960629921	0.125	0.326315789474	0.360578144333
201942	DeRozan, DeMar	80	1.11	3.56	0.312	38.0	127.0	51	148	0.0	4.0	0.71	2.05	0.38	1.46	0.01	0.04	0.26	0.93	0.55	1.78	0.29	0.83	0.27	0.97	0.84	2.61	51.0	152.0	0.308431865828	0.276488517745	0.0824859002169	0.181344680851	0.32899771167	0.26877002584	0.169497109827	0.253163793103	0.296849753695	0.343805491991	0.225381957774	0.321190984579	0.299212598425	0.344594594595	0.0	0.335526315789	0.346341463415	0.260273972603	0.25	0.279569892473	0.308988764045	0.349397590361	0.278350515464	0.32183908046	0.374672682329
201960	Carroll, DeMarre	71	2.04	5.39	0.379	82.0	206.0	63	185	0.0	0.0	1.76	4.54	0.28	0.79	0.01	0.07	0.34	0.79	0.96	2.61	0.73	1.93	0.35	0.86	1.69	4.54	63.0	185.0	0.308431865828	0.276488517745	0.0824859002169	0.181344680851	0.32899771167	0.26877002584	0.169497109827	0.253163793103	0.296849753695	0.343805491991	0.225381957774	0.321190984579	0.398058252427	0.340540540541		0.340540540541	0.387665198238	0.354430379747	0.142857142857	0.430379746835	0.367816091954	0.378238341969	0.406976744186	0.372246696035	0.427867589271
1626153	Wright, Delon	69	0.81	2.19	0.371	21.0	54.0	34	92	0.0	2.0	0.61	1.48	0.19	0.68	0.0	0.01	0.03	0.12	0.1	0.41	0.68	1.65	0.03	0.13	0.78	2.06	34.0	94.0	0.308431865828	0.276488517745	0.0824859002169	0.181344680851	0.32899771167	0.26877002584	0.169497109827	0.253163793103	0.296849753695	0.343805491991	0.225381957774	0.321190984579	0.388888888889	0.369565217391	0.0	0.36170212766	0.412162162162	0.279411764706	0.0	0.25	0.243902439024	0.412121212121	0.230769230769	0.378640776699	0.432795062698
203471	Schroder, Dennis	66	1.12	3.86	0.29	30.0	105.0	45	147	0.0	3.0	0.53	1.89	0.55	1.85	0.0	0.0	0.08	0.17	0.39	1.56	0.65	2.14	0.08	0.17	1.04	3.7	45.0	150.0	0.308431865828	0.276488517745	0.0824859002169	0.181344680851	0.32899771167	0.26877002584	0.169497109827	0.253163793103	0.296849753695	0.343805491991	0.225381957774	0.321190984579	0.285714285714	0.30612244898	0.0	0.3	0.280423280423	0.297297297297		0.470588235294	0.25	0.303738317757	0.470588235294	0.281081081081	0.345902057936
1628372	Smith Jr., Dennis	69	1.54	4.83	0.318	39.0	117.0	67	209	0.0	9.0	0.78	2.1	0.74	2.7	0.0	0.04	0.12	0.41	0.67	2.33	0.75	2.04	0.12	0.45	1.42	4.37	67.0	218.0	0.308431865828	0.276488517745	0.0824859002169	0.181344680851	0.32899771167	0.26877002584	0.169497109827	0.253163793103	0.296849753695	0.343805491991	0.225381957774	0.321190984579	0.333333333333	0.320574162679	0.0	0.307339449541	0.371428571429	0.274074074074	0.0	0.292682926829	0.287553648069	0.367647058824	0.266666666667	0.324942791762	0.37929250677
1627756	Valentine, Denzel	77	1.86	4.77	0.39	54.0	151.0	88	212	1.0	4.0	1.16	2.97	0.7	1.77	0.0	0.03	0.06	0.27	0.48	1.36	1.31	3.1	0.06	0.3	1.79	4.46	89.0	216.0	0.308431865828	0.276488517745	0.0824859002169	0.181344680851	0.32899771167	0.26877002584	0.169497109827	0.253163793103	0.296849753695	0.343805491991	0.225381957774	0.321190984579	0.35761589404	0.415094339623	0.25	0.412037037037	0.390572390572	0.395480225989	0.0	0.222222222222	0.352941176471	0.422580645161	0.2	0.40134529148	0.459702487296
1626164	Booker, Devin	54	2.72	7.04	0.387	47.0	112.0	100	261	0.0	7.0	1.33	3.3	1.33	3.67	0.02	0.09	0.63	1.67	1.33	3.31	0.74	1.96	0.65	1.76	2.07	5.27	100.0	268.0	0.308431865828	0.276488517745	0.0824859002169	0.181344680851	0.32899771167	0.26877002584	0.169497109827	0.253163793103	0.296849753695	0.343805491991	0.225381957774	0.321190984579	0.419642857143	0.383141762452	0.0	0.373134328358	0.40303030303	0.362397820163	0.222222222222	0.377245508982	0.401812688822	0.377551020408	0.369318181818	0.392789373814	0.473959202496
2734	Harris, Devin	70	1.1	3.17	0.347	35.0	101.0	43	112	0.0	2.0	0.79	2.07	0.31	1.1	0.01	0.07	0.07	0.36	0.39	1.21	0.63	1.53	0.08	0.43	1.02	2.74	43.0	114.0	0.308431865828	0.276488517745	0.0824859002169	0.181344680851	0.32899771167	0.26877002584	0.169497109827	0.253163793103	0.296849753695	0.343805491991	0.225381957774	0.321190984579	0.346534653465	0.383928571429	0.0	0.377192982456	0.381642512077	0.281818181818	0.142857142857	0.194444444444	0.322314049587	0.411764705882	0.186046511628	0.372262773723	0.409866570159
203473	Dedmon, Dewayne	61	0.82	2.31	0.355	34.0	92.0	16	49	0.0	0.0	0.82	2.25	0.0	0.02	0.0	0.0	0.02	0.2	0.23	0.72	0.57	1.39	0.02	0.2	0.8	2.11	16.0	49.0	0.308431865828	0.276488517745	0.0824859002169	0.181344680851	0.32899771167	0.26877002584	0.169497109827	0.253163793103	0.296849753695	0.343805491991	0.225381957774	0.321190984579	0.369565217391	0.326530612245		0.326530612245	0.364444444444	0.0		0.1	0.319444444444	0.410071942446	0.1	0.379146919431	0.384675392195
1628415	Brooks, Dillon	82	1.15	3.17	0.362	32.0	88.0	60	165	1.0	2.0	0.96	2.4	0.16	0.72	0.0	0.0	0.1	0.34	0.54	1.39	0.51	1.44	0.1	0.34	1.05	2.83	61.0	167.0	0.308431865828	0.276488517745	0.0824859002169	0.181344680851	0.32899771167	0.26877002584	0.169497109827	0.253163793103	0.296849753695	0.343805491991	0.225381957774	0.321190984579	0.363636363636	0.363636363636	0.5	0.365269461078	0.4	0.222222222222		0.294117647059	0.388489208633	0.354166666667	0.294117647059	0.371024734982	0.426333766852
1717	Nowitzki, Dirk	77	1.79	4.36	0.411	51.0	103.0	85	229	2.0	4.0	1.74	4.13	0.05	0.23	0.0	0.03	0.38	0.78	0.65	1.82	0.77	1.74	0.38	0.81	1.42	3.56	87.0	233.0	0.308431865828	0.276488517745	0.0824859002169	0.181344680851	0.32899771167	0.26877002584	0.169497109827	0.253163793103	0.296849753695	0.343805491991	0.225381957774	0.321190984579	0.495145631068	0.371179039301	0.5	0.37339055794	0.421307506053	0.217391304348	0.0	0.487179487179	0.357142857143	0.442528735632	0.469135802469	0.398876404494	0.484719026288
1628378	Mitchell, Donovan	79	2.35	6.89	0.342	58.0	160.0	126	373	2.0	11.0	1.23	3.03	1.13	3.85	0.0	0.06	0.25	0.78	0.99	2.86	1.11	3.18	0.25	0.84	2.1	6.04	128.0	384.0	0.308431865828	0.276488517745	0.0824859002169	0.181344680851	0.32899771167	0.26877002584	0.169497109827	0.253163793103	0.296849753695	0.343805491991	0.225381957774	0.321190984579	0.3625	0.337801608579	0.181818181818	0.333333333333	0.405940594059	0.293506493506	0.0	0.320512820513	0.346153846154	0.349056603774	0.297619047619	0.347682119205	0.414550557587
203926	McDermott, Doug	80	1.11	2.6	0.428	41.0	91.0	51	124	0.0	1.0	1.09	2.38	0.03	0.21	0.0	0.0	0.04	0.19	0.44	1.1	0.64	1.31	0.04	0.19	1.08	2.41	51.0	125.0	0.308431865828	0.276488517745	0.0824859002169	0.181344680851	0.32899771167	0.26877002584	0.169497109827	0.253163793103	0.296849753695	0.343805491991	0.225381957774	0.321190984579	0.450549450549	0.411290322581	0.0	0.408	0.457983193277	0.142857142857		0.210526315789	0.4	0.488549618321	0.210526315789	0.448132780083	0.487910292249
1627733	Bender, Dragan	82	1.44	3.91	0.368	53.0	146.0	65	175	0.0	1.0	1.41	3.85	0.02	0.06	0.0	0.0	0.05	0.15	0.46	1.04	0.93	2.73	0.05	0.15	1.39	3.77	65.0	176.0	0.308431865828	0.276488517745	0.0824859002169	0.181344680851	0.32899771167	0.26877002584	0.169497109827	0.253163793103	0.296849753695	0.343805491991	0.225381957774	0.321190984579	0.36301369863	0.371428571429	0.0	0.369318181818	0.366233766234	0.333333333333		0.333333333333	0.442307692308	0.340659340659	0.333333333333	0.368700265252	0.415856866481
203110	Green, Draymond	70	1.1	3.63	0.303	13.0	49.0	63	197	1.0	6.0	1.0	3.24	0.06	0.26	0.0	0.0	0.01	0.11	0.2	0.81	0.89	2.7	0.01	0.11	1.09	3.51	64.0	203.0	0.308431865828	0.276488517745	0.0824859002169	0.181344680851	0.32899771167	0.26877002584	0.169497109827	0.253163793103	0.296849753695	0.343805491991	0.225381957774	0.321190984579	0.265306122449	0.319796954315	0.166666666667	0.315270935961	0.308641975309	0.230769230769		0.0909090909091	0.246913580247	0.32962962963	0.0909090909091	0.310541310541	0.365092666336
202734	Moore, E'Twaun	81	1.54	3.64	0.424	83.0	173.0	45	126	0.0	2.0	1.41	3.27	0.14	0.35	0.0	0.0	0.19	0.4	0.49	1.35	0.86	1.9	0.19	0.4	1.35	3.25	45.0	128.0	0.308431865828	0.276488517745	0.0824859002169	0.181344680851	0.32899771167	0.26877002584	0.169497109827	0.253163793103	0.296849753695	0.343805491991	0.225381957774	0.321190984579	0.479768786127	0.357142857143	0.0	0.3515625	0.43119266055	0.4		0.475	0.362962962963	0.452631578947	0.475	0.415384615385	0.470303281291
1626144	Mudiay, Emmanuel	64	0.72	2.25	0.319	24.0	56.0	22	85	1.0	3.0	0.45	1.38	0.27	0.88	0.0	0.0	0.05	0.22	0.27	0.95	0.41	1.08	0.05	0.22	0.68	2.03	23.0	88.0	0.308431865828	0.276488517745	0.0824859002169	0.181344680851	0.32899771167	0.26877002584	0.169497109827	0.253163793103	0.296849753695	0.343805491991	0.225381957774	0.321190984579	0.428571428571	0.258823529412	0.333333333333	0.261363636364	0.326086956522	0.306818181818		0.227272727273	0.284210526316	0.37962962963	0.227272727273	0.334975369458	0.372523142919
202339	Bledsoe, Eric	74	1.69	4.82	0.35	33.0	98.0	92	253	0.0	4.0	1.15	2.95	0.42	1.58	0.0	0.03	0.05	0.35	0.57	1.85	1.07	2.59	0.05	0.38	1.64	4.44	92.0	257.0	0.308431865828	0.276488517745	0.0824859002169	0.181344680851	0.32899771167	0.26877002584	0.169497109827	0.253163793103	0.296849753695	0.343805491991	0.225381957774	0.321190984579	0.336734693878	0.363636363636	0.0	0.357976653696	0.389830508475	0.26582278481	0.0	0.142857142857	0.308108108108	0.413127413127	0.131578947368	0.369369369369	0.41870544698
201569	Gordon, Eric	69	3.14	8.74	0.36	52.0	130.0	158	451	7.0	21.0	2.23	5.77	0.88	2.9	0.04	0.28	0.25	0.7	0.78	2.96	2.07	4.81	0.29	0.98	2.85	7.77	165.0	472.0	0.308431865828	0.276488517745	0.0824859002169	0.181344680851	0.32899771167	0.26877002584	0.169497109827	0.253163793103	0.296849753695	0.343805491991	0.225381957774	0.321190984579	0.4	0.350332594235	0.333333333333	0.349576271186	0.386481802426	0.303448275862	0.142857142857	0.357142857143	0.263513513514	0.430353430353	0.295918367347	0.366795366795	0.435648325897
101141	Ilyasova, Ersan	69	1.32	3.67	0.36	46.0	117.0	45	134	0.0	1.0	1.17	3.01	0.13	0.62	0.03	0.03	0.16	0.59	0.59	1.57	0.54	1.48	0.19	0.62	1.13	3.05	45.0	135.0	0.308431865828	0.276488517745	0.0824859002169	0.181344680851	0.32899771167	0.26877002584	0.169497109827	0.253163793103	0.296849753695	0.343805491991	0.225381957774	0.321190984579	0.393162393162	0.335820895522	0.0	0.333333333333	0.388704318937	0.209677419355	1.0	0.271186440678	0.375796178344	0.364864864865	0.306451612903	0.370491803279	0.4113624575
203095	Fournier, Evan	57	2.23	5.82	0.383	46.0	107.0	81	226	0.0	1.0	1.72	4.26	0.47	1.49	0.0	0.02	0.18	0.53	0.82	2.54	1.23	2.74	0.18	0.55	2.05	5.28	81.0	227.0	0.308431865828	0.276488517745	0.0824859002169	0.181344680851	0.32899771167	0.26877002584	0.169497109827	0.253163793103	0.296849753695	0.343805491991	0.225381957774	0.321190984579	0.429906542056	0.358407079646	0.0	0.356828193833	0.403755868545	0.315436241611	0.0	0.339622641509	0.322834645669	0.448905109489	0.327272727273	0.388257575758	0.448336785184
1626163	Kaminsky, Frank	79	1.32	3.46	0.381	17.0	52.0	85	218	1.0	3.0	1.23	3.28	0.09	0.18	0.0	0.01	0.0	0.09	0.24	0.75	1.08	2.61	0.0	0.1	1.32	3.36	86.0	221.0	0.308431865828	0.276488517745	0.0824859002169	0.181344680851	0.32899771167	0.26877002584	0.169497109827	0.253163793103	0.296849753695	0.343805491991	0.225381957774	0.321190984579	0.326923076923	0.389908256881	0.333333333333	0.389140271493	0.375	0.5	0.0	0.0	0.32	0.413793103448	0.0	0.392857142857	0.455630091363
1628373	Ntilikina, Frank	77	0.65	2.03	0.321	17.0	53.0	33	96	0.0	3.0	0.45	1.26	0.19	0.77	0.0	0.0	0.0	0.1	0.25	0.74	0.4	1.18	0.0	0.1	0.65	1.92	33.0	99.0	0.308431865828	0.276488517745	0.0824859002169	0.181344680851	0.32899771167	0.26877002584	0.169497109827	0.253163793103	0.296849753695	0.343805491991	0.225381957774	0.321190984579	0.320754716981	0.34375	0.0	0.333333333333	0.357142857143	0.246753246753		0.0	0.337837837838	0.338983050847	0.0	0.338541666667	0.379707481413
1627832	VanVleet, Fred	76	1.42	3.39	0.419	51.0	112.0	57	142	0.0	1.0	1.07	2.39	0.36	1.0	0.03	0.03	0.08	0.34	0.26	0.79	1.05	2.24	0.11	0.37	1.31	3.03	57.0	143.0	0.308431865828	0.276488517745	0.0824859002169	0.181344680851	0.32899771167	0.26877002584	0.169497109827	0.253163793103	0.296849753695	0.343805491991	0.225381957774	0.321190984579	0.455357142857	0.401408450704	0.0	0.398601398601	0.44769874477	0.36	1.0	0.235294117647	0.329113924051	0.46875	0.297297297297	0.432343234323	0.485735236242
202066	Temple, Garrett	65	1.34	3.4	0.394	47.0	117.0	42	105	0.0	3.0	1.09	2.51	0.25	0.86	0.02	0.03	0.03	0.18	0.49	1.31	0.8	1.88	0.05	0.21	1.29	3.19	42.0	108.0	0.308431865828	0.276488517745	0.0824859002169	0.181344680851	0.32899771167	0.26877002584	0.169497109827	0.253163793103	0.296849753695	0.343805491991	0.225381957774	0.321190984579	0.401709401709	0.4	0.0	0.388888888889	0.434262948207	0.290697674419	0.666666666667	0.166666666667	0.374045801527	0.425531914894	0.238095238095	0.404388714734	0.446997067398
203914	Harris, Gary	66	2.29	5.83	0.392	74.0	187.0	80	202	2.0	3.0	1.8	4.36	0.48	1.41	0.0	0.03	0.11	0.33	1.11	3.0	1.08	2.47	0.11	0.36	2.19	5.47	82.0	205.0	0.308431865828	0.276488517745	0.0824859002169	0.181344680851	0.32899771167	0.26877002584	0.169497109827	0.253163793103	0.296849753695	0.343805491991	0.225381957774	0.321190984579	0.395721925134	0.39603960396	0.666666666667	0.4	0.412844036697	0.340425531915	0.0	0.333333333333	0.37	0.437246963563	0.305555555556	0.400365630713	0.453625568587
201588	Hill, George	67	1.27	3.03	0.419	49.0	105.0	35	97	0.0	0.0	0.93	2.22	0.33	0.78	0.0	0.01	0.07	0.22	0.34	0.76	0.85	2.03	0.07	0.23	1.19	2.79	35.0	97.0	0.308431865828	0.276488517745	0.0824859002169	0.181344680851	0.32899771167	0.26877002584	0.169497109827	0.253163793103	0.296849753695	0.343805491991	0.225381957774	0.321190984579	0.466666666667	0.360824742268		0.360824742268	0.418918918919	0.423076923077	0.0	0.318181818182	0.447368421053	0.418719211823	0.304347826087	0.426523297491	0.469663128323
201609	Dragic, Goran	74	1.49	3.99	0.373	40.0	96.0	71	200	0.0	2.0	1.09	2.66	0.38	1.23	0.01	0.03	0.18	0.55	0.82	2.09	0.47	1.31	0.19	0.58	1.29	3.4	71.0	202.0	0.308431865828	0.276488517745	0.0824859002169	0.181344680851	0.32899771167	0.26877002584	0.169497109827	0.253163793103	0.296849753695	0.343805491991	0.225381957774	0.321190984579	0.416666666667	0.355	0.0	0.351485148515	0.40977443609	0.308943089431	0.333333333333	0.327272727273	0.392344497608	0.358778625954	0.327586206897	0.379411764706	0.443796163498
203084	Barnes, Harrison	77	1.55	4.31	0.358	59.0	151.0	60	177	0.0	2.0	1.14	3.26	0.38	1.0	0.0	0.01	0.08	0.18	0.43	1.44	1.04	2.68	0.08	0.19	1.47	4.12	60.0	179.0	0.308431865828	0.276488517745	0.0824859002169	0.181344680851	0.32899771167	0.26877002584	0.169497109827	0.253163793103	0.296849753695	0.343805491991	0.225381957774	0.321190984579	0.390728476821	0.338983050847	0.0	0.335195530726	0.349693251534	0.38	0.0	0.444444444444	0.298611111111	0.388059701493	0.421052631579	0.356796116505	0.410780232517
203546	Clark, Ian	73	0.85	2.58	0.33	28.0	79.0	33	113	1.0	1.0	0.62	1.88	0.23	0.7	0.0	0.0	0.01	0.05	0.08	0.44	0.75	2.08	0.01	0.05	0.83	2.52	34.0	114.0	0.308431865828	0.276488517745	0.0824859002169	0.181344680851	0.32899771167	0.26877002584	0.169497109827	0.253163793103	0.296849753695	0.343805491991	0.225381957774	0.321190984579	0.354430379747	0.29203539823	1.0	0.298245614035	0.329787234043	0.328571428571		0.2	0.181818181818	0.360576923077	0.2	0.329365079365	0.374212566261
200826	Barea, J.J.	69	1.67	4.54	0.367	37.0	92.0	77	215	1.0	2.0	0.87	1.7	0.8	2.81	0.0	0.01	0.1	0.3	0.74	2.14	0.83	2.07	0.1	0.31	1.57	4.21	78.0	217.0	0.308431865828	0.276488517745	0.0824859002169	0.181344680851	0.32899771167	0.26877002584	0.169497109827	0.253163793103	0.296849753695	0.343805491991	0.225381957774	0.321190984579	0.402173913043	0.358139534884	0.5	0.359447004608	0.511764705882	0.284697508897	0.0	0.333333333333	0.345794392523	0.400966183575	0.322580645161	0.372921615202	0.445993903421
200755	Redick, JJ	69	2.72	6.49	0.42	56.0	117.0	134	338	3.0	4.0	1.96	4.3	0.75	2.17	0.0	0.01	0.62	1.49	0.78	2.32	1.32	2.67	0.62	1.5	2.1	4.99	137.0	342.0	0.308431865828	0.276488517745	0.0824859002169	0.181344680851	0.32899771167	0.26877002584	0.169497109827	0.253163793103	0.296849753695	0.343805491991	0.225381957774	0.321190984579	0.478632478632	0.396449704142	0.75	0.400584795322	0.455813953488	0.345622119816	0.0	0.41610738255	0.336206896552	0.494382022472	0.413333333333	0.420841683367	0.51140020511
2747	Smith, JR	80	1.78	4.73	0.376	83.0	181.0	60	192	0.0	4.0	1.46	3.7	0.29	0.98	0.0	0.04	0.31	0.99	0.83	2.0	0.64	1.7	0.31	1.03	1.47	3.7	60.0	196.0	0.308431865828	0.276488517745	0.0824859002169	0.181344680851	0.32899771167	0.26877002584	0.169497109827	0.253163793103	0.296849753695	0.343805491991	0.225381957774	0.321190984579	0.458563535912	0.3125	0.0	0.30612244898	0.394594594595	0.295918367347	0.0	0.313131313131	0.415	0.376470588235	0.300970873786	0.397297297297	0.427614443684
203210	Green, JaMychal	55	0.78	2.24	0.35	24.0	70.0	19	57	0.0	0.0	0.73	2.13	0.0	0.04	0.0	0.0	0.0	0.02	0.38	0.95	0.4	1.27	0.0	0.02	0.78	2.22	19.0	57.0	0.308431865828	0.276488517745	0.0824859002169	0.181344680851	0.32899771167	0.26877002584	0.169497109827	0.253163793103	0.296849753695	0.343805491991	0.225381957774	0.321190984579	0.342857142857	0.333333333333		0.333333333333	0.342723004695	0.0		0.0	0.4	0.314960629921	0.0	0.351351351351	0.376015758078
203109	Crowder, Jae	80	1.35	4.13	0.327	54.0	158.0	56	182	0.0	1.0	1.16	3.39	0.16	0.66	0.0	0.01	0.09	0.44	0.55	1.7	0.71	1.98	0.09	0.45	1.26	3.68	56.0	183.0	0.308431865828	0.276488517745	0.0824859002169	0.181344680851	0.32899771167	0.26877002584	0.169497109827	0.253163793103	0.296849753695	0.343805491991	0.225381957774	0.321190984579	0.341772151899	0.307692307692	0.0	0.306010928962	0.342182890855	0.242424242424	0.0	0.204545454545	0.323529411765	0.358585858586	0.2	0.342391304348	0.369529206718
2037	Crawford, Jamal	80	1.3	3.91	0.332	48.0	123.0	52	169	3.0	17.0	0.8	2.13	0.5	1.78	0.0	0.06	0.4	1.46	0.63	1.61	0.28	0.78	0.4	1.52	0.91	2.39	55.0	186.0	0.308431865828	0.276488517745	0.0824859002169	0.181344680851	0.32899771167	0.26877002584	0.169497109827	0.253163793103	0.296849753695	0.343805491991	0.225381957774	0.321190984579	0.390243902439	0.307692307692	0.176470588235	0.295698924731	0.37558685446	0.280898876404	0.0	0.27397260274	0.391304347826	0.358974358974	0.263157894737	0.380753138075	0.399244948002
1627750	Murray, Jamal	80	2.04	5.38	0.379	70.0	179.0	94	245	0.0	4.0	1.34	3.19	0.69	2.15	0.01	0.09	0.13	0.4	0.6	1.84	1.3	3.05	0.14	0.49	1.9	4.89	94.0	249.0	0.308431865828	0.276488517745	0.0824859002169	0.181344680851	0.32899771167	0.26877002584	0.169497109827	0.253163793103	0.296849753695	0.343805491991	0.225381957774	0.321190984579	0.391061452514	0.383673469388	0.0	0.377510040161	0.420062695925	0.320930232558	0.111111111111	0.325	0.326086956522	0.426229508197	0.285714285714	0.38854805726	0.445480508101
2749	Nelson, Jameer	50	0.82	2.48	0.331	14.0	44.0	26	75	1.0	3.0	0.5	1.4	0.3	1.04	0.0	0.0	0.08	0.18	0.38	1.1	0.36	1.2	0.08	0.18	0.74	2.3	27.0	78.0	0.308431865828	0.276488517745	0.0824859002169	0.181344680851	0.32899771167	0.26877002584	0.169497109827	0.253163793103	0.296849753695	0.343805491991	0.225381957774	0.321190984579	0.318181818182	0.346666666667	0.333333333333	0.346153846154	0.357142857143	0.288461538462		0.444444444444	0.345454545455	0.3	0.444444444444	0.321739130435	0.396980021591
203516	Ennis III, James	72	0.71	2.1	0.338	23.0	71.0	28	81	0.0	1.0	0.65	1.85	0.06	0.24	0.0	0.01	0.03	0.13	0.25	0.74	0.43	1.22	0.03	0.14	0.68	1.96	28.0	82.0	0.308431865828	0.276488517745	0.0824859002169	0.181344680851	0.32899771167	0.26877002584	0.169497109827	0.253163793103	0.296849753695	0.343805491991	0.225381957774	0.321190984579	0.323943661972	0.345679012346	0.0	0.341463414634	0.351351351351	0.25	0.0	0.230769230769	0.337837837838	0.352459016393	0.214285714286	0.34693877551	0.383966404835
201935	Harden, James	72	3.68	9.85	0.374	61.0	142.0	203	561	1.0	15.0	0.61	1.67	2.96	7.63	0.04	0.21	1.04	3.01	2.04	5.26	0.56	1.36	1.08	3.22	2.6	6.62	204.0	576.0	0.308431865828	0.276488517745	0.0824859002169	0.181344680851	0.32899771167	0.26877002584	0.169497109827	0.253163793103	0.296849753695	0.343805491991	0.225381957774	0.321190984579	0.429577464789	0.361853832442	0.0666666666667	0.354166666667	0.365269461078	0.387942332896	0.190476190476	0.345514950166	0.38783269962	0.411764705882	0.335403726708	0.392749244713	0.481342962548
201949	Johnson, James	72	0.79	2.56	0.31	31.0	94.0	26	87	0.0	2.0	0.67	1.99	0.1	0.53	0.0	0.0	0.01	0.13	0.13	0.58	0.65	1.85	0.01	0.13	0.78	2.43	26.0	89.0	0.308431865828	0.276488517745	0.0824859002169	0.181344680851	0.32899771167	0.26877002584	0.169497109827	0.253163793103	0.296849753695	0.343805491991	0.225381957774	0.321190984579	0.329787234043	0.298850574713	0.0	0.292134831461	0.336683417085	0.188679245283		0.0769230769231	0.224137931034	0.351351351351	0.0769230769231	0.320987654321	0.345248475787
1891	Terry, Jason	51	0.78	2.22	0.354	26.0	64.0	14	50	0.0	0.0	0.73	2.02	0.06	0.2	0.04	0.06	0.08	0.29	0.25	0.86	0.41	1.0	0.12	0.35	0.66	1.86	14.0	50.0	0.308431865828	0.276488517745	0.0824859002169	0.181344680851	0.32899771167	0.26877002584	0.169497109827	0.253163793103	0.296849753695	0.343805491991	0.225381957774	0.321190984579	0.40625	0.28		0.28	0.361386138614	0.3	0.666666666667	0.275862068966	0.290697674419	0.41	0.342857142857	0.354838709677	0.391625494605
1627759	Brown, Jaylen	67	1.69	4.3	0.392	63.0	155.0	58	148	0.0	0.0	1.49	3.82	0.15	0.42	0.0	0.0	0.1	0.28	0.63	1.84	0.96	2.18	0.1	0.28	1.59	4.02	58.0	148.0	0.308431865828	0.276488517745	0.0824859002169	0.181344680851	0.32899771167	0.26877002584	0.169497109827	0.253163793103	0.296849753695	0.343805491991	0.225381957774	0.321190984579	0.406451612903	0.391891891892		0.391891891892	0.390052356021	0.357142857143		0.357142857143	0.342391304348	0.440366972477	0.357142857143	0.39552238806	0.443705532572
1628369	Tatum, Jayson	77	1.32	3.03	0.438	53.0	105.0	52	135	0.0	2.0	1.09	2.27	0.23	0.75	0.0	0.0	0.12	0.31	0.4	0.99	0.81	1.73	0.12	0.31	1.21	2.72	52.0	137.0	0.308431865828	0.276488517745	0.0824859002169	0.181344680851	0.32899771167	0.26877002584	0.169497109827	0.253163793103	0.296849753695	0.343805491991	0.225381957774	0.321190984579	0.504761904762	0.385185185185	0.0	0.379562043796	0.480176211454	0.306666666667		0.387096774194	0.40404040404	0.468208092486	0.387096774194	0.444852941176	0.498134022393
201145	Green, Jeff	78	0.68	2.18	0.312	29.0	91.0	24	69	0.0	2.0	0.63	1.9	0.04	0.24	0.0	0.0	0.04	0.13	0.13	0.59	0.51	1.46	0.04	0.13	0.64	2.05	24.0	71.0	0.308431865828	0.276488517745	0.0824859002169	0.181344680851	0.32899771167	0.26877002584	0.169497109827	0.253163793103	0.296849753695	0.343805491991	0.225381957774	0.321190984579	0.318681318681	0.347826086957	0.0	0.338028169014	0.331578947368	0.166666666667		0.307692307692	0.220338983051	0.349315068493	0.307692307692	0.312195121951	0.355994191529
201952	Teague, Jeff	70	1.2	3.2	0.375	33.0	85.0	49	136	2.0	6.0	0.47	1.16	0.73	1.99	0.0	0.01	0.03	0.1	0.26	0.86	0.91	2.23	0.03	0.11	1.17	3.09	51.0	142.0	0.308431865828	0.276488517745	0.0824859002169	0.181344680851	0.32899771167	0.26877002584	0.169497109827	0.253163793103	0.296849753695	0.343805491991	0.225381957774	0.321190984579	0.388235294118	0.360294117647	0.333333333333	0.359154929577	0.405172413793	0.366834170854	0.0	0.3	0.302325581395	0.408071748879	0.272727272727	0.378640776699	0.446454105404
203087	Lamb, Jeremy	80	1.18	3.16	0.372	34.0	83.0	57	160	3.0	5.0	0.75	1.95	0.39	1.16	0.01	0.09	0.15	0.55	0.48	1.18	0.54	1.35	0.16	0.64	1.02	2.53	60.0	165.0	0.308431865828	0.276488517745	0.0824859002169	0.181344680851	0.32899771167	0.26877002584	0.169497109827	0.253163793103	0.296849753695	0.343805491991	0.225381957774	0.321190984579	0.409638554217	0.35625	0.6	0.363636363636	0.384615384615	0.336206896552	0.111111111111	0.272727272727	0.406779661017	0.4	0.25	0.403162055336	0.445645936153
1626170	Grant, Jerian	74	0.82	2.54	0.324	15.0	49.0	46	131	0.0	2.0	0.46	1.22	0.35	1.28	0.01	0.03	0.08	0.45	0.38	1.11	0.35	0.96	0.09	0.48	0.73	2.07	46.0	133.0	0.308431865828	0.276488517745	0.0824859002169	0.181344680851	0.32899771167	0.26877002584	0.169497109827	0.253163793103	0.296849753695	0.343805491991	0.225381957774	0.321190984579	0.30612244898	0.351145038168	0.0	0.345864661654	0.377049180328	0.2734375	0.333333333333	0.177777777778	0.342342342342	0.364583333333	0.1875	0.352657004831	0.401411793285
202710	Butler, Jimmy	59	1.19	3.37	0.352	37.0	98.0	33	97	0.0	2.0	0.71	1.83	0.46	1.51	0.03	0.1	0.15	0.69	0.49	1.36	0.51	1.22	0.18	0.79	1.0	2.58	33.0	99.0	0.308431865828	0.276488517745	0.0824859002169	0.181344680851	0.32899771167	0.26877002584	0.169497109827	0.253163793103	0.296849753695	0.343805491991	0.225381957774	0.321190984579	0.377551020408	0.340206185567	0.0	0.333333333333	0.387978142077	0.304635761589	0.3	0.217391304348	0.360294117647	0.418032786885	0.227848101266	0.387596899225	0.408913002235
201975	Meeks, Jodie	77	0.91	2.62	0.347	17.0	63.0	54	145	1.0	2.0	0.71	2.05	0.19	0.57	0.0	0.03	0.09	0.31	0.32	0.96	0.49	1.32	0.09	0.34	0.81	2.28	55.0	147.0	0.308431865828	0.276488517745	0.0824859002169	0.181344680851	0.32899771167	0.26877002584	0.169497109827	0.253163793103	0.296849753695	0.343805491991	0.225381957774	0.321190984579	0.269841269841	0.372413793103	0.5	0.374149659864	0.346341463415	0.333333333333	0.0	0.290322580645	0.333333333333	0.371212121212	0.264705882353	0.355263157895	0.414759060366
203925	Harris, Joe	77	1.94	4.51	0.429	56.0	149.0	94	206	0.0	1.0	1.6	3.83	0.32	0.65	0.01	0.05	0.19	0.69	0.87	1.91	0.86	1.86	0.2	0.74	1.73	3.77	94.0	207.0	0.308431865828	0.276488517745	0.0824859002169	0.181344680851	0.32899771167	0.26877002584	0.169497109827	0.253163793103	0.296849753695	0.343805491991	0.225381957774	0.321190984579	0.375838926174	0.456310679612	0.0	0.454106280193	0.417754569191	0.492307692308	0.2	0.275362318841	0.455497382199	0.462365591398	0.27027027027	0.458885941645	0.499253002951
204060	Ingles, Joe	82	2.48	5.65	0.438	100.0	226.0	104	232	0.0	4.0	1.95	4.21	0.51	1.38	0.0	0.02	0.05	0.21	0.71	1.79	1.72	3.62	0.05	0.23	2.43	5.41	104.0	236.0	0.308431865828	0.276488517745	0.0824859002169	0.181344680851	0.32899771167	0.26877002584	0.169497109827	0.253163793103	0.296849753695	0.343805491991	0.225381957774	0.321190984579	0.442477876106	0.448275862069	0.0	0.440677966102	0.463182897862	0.369565217391	0.0	0.238095238095	0.396648044693	0.475138121547	0.217391304348	0.449168207024	0.501105380189
2207	Johnson, Joe	55	0.73	2.62	0.278	22.0	76.0	18	67	0.0	1.0	0.69	2.44	0.04	0.15	0.02	0.02	0.02	0.07	0.13	0.67	0.56	1.85	0.04	0.09	0.69	2.52	18.0	68.0	0.308431865828	0.276488517745	0.0824859002169	0.181344680851	0.32899771167	0.26877002584	0.169497109827	0.253163793103	0.296849753695	0.343805491991	0.225381957774	0.321190984579	0.289473684211	0.268656716418	0.0	0.264705882353	0.282786885246	0.266666666667	1.0	0.285714285714	0.194029850746	0.302702702703	0.444444444444	0.27380952381	0.312300265968
203954	Embiid, Joel	62	1.05	3.35	0.313	18.0	43.0	47	170	1.0	1.0	0.94	3.0	0.1	0.27	0.0	0.02	0.03	0.13	0.15	0.56	0.87	2.65	0.03	0.15	1.02	3.21	48.0	171.0	0.308431865828	0.276488517745	0.0824859002169	0.181344680851	0.32899771167	0.26877002584	0.169497109827	0.253163793103	0.296849753695	0.343805491991	0.225381957774	0.321190984579	0.418604651163	0.276470588235	1.0	0.280701754386	0.313333333333	0.37037037037	0.0	0.230769230769	0.267857142857	0.328301886792	0.2	0.317757009346	0.368930712752
201973	Jerebko, Jonas	74	0.88	2.11	0.417	40.0	89.0	25	68	0.0	0.0	0.88	2.04	0.0	0.07	0.0	0.0	0.01	0.04	0.08	0.26	0.78	1.81	0.01	0.04	0.86	2.07	25.0	68.0	0.308431865828	0.276488517745	0.0824859002169	0.181344680851	0.32899771167	0.26877002584	0.169497109827	0.253163793103	0.296849753695	0.343805491991	0.225381957774	0.321190984579	0.449438202247	0.367647058824		0.367647058824	0.43137254902	0.0		0.25	0.307692307692	0.430939226519	0.25	0.415458937198	0.452334795709
203613	Simmons, Jonathon	69	1.0	2.87	0.348	27.0	76.0	42	124	0.0	2.0	0.77	2.13	0.23	0.71	0.0	0.04	0.04	0.13	0.51	1.25	0.45	1.45	0.04	0.17	0.96	2.7	42.0	126.0	0.308431865828	0.276488517745	0.0824859002169	0.181344680851	0.32899771167	0.26877002584	0.169497109827	0.253163793103	0.296849753695	0.343805491991	0.225381957774	0.321190984579	0.355263157895	0.338709677419	0.0	0.333333333333	0.361502347418	0.323943661972	0.0	0.307692307692	0.408	0.310344827586	0.235294117647	0.355555555556	0.403971086069
203903	Clarkson, Jordan	81	1.38	3.9	0.354	43.0	105.0	69	211	0.0	2.0	0.96	2.51	0.41	1.37	0.04	0.07	0.15	0.57	0.53	1.68	0.67	1.58	0.19	0.64	1.2	3.26	69.0	213.0	0.308431865828	0.276488517745	0.0824859002169	0.181344680851	0.32899771167	0.26877002584	0.169497109827	0.253163793103	0.296849753695	0.343805491991	0.225381957774	0.321190984579	0.409523809524	0.327014218009	0.0	0.323943661972	0.382470119522	0.299270072993	0.571428571429	0.263157894737	0.315476190476	0.424050632911	0.296875	0.368098159509	0.419384904514
1628404	Hart, Josh	63	1.24	3.11	0.398	36.0	76.0	42	119	0.0	0.0	1.1	2.65	0.14	0.46	0.0	0.0	0.03	0.11	0.56	1.41	0.65	1.59	0.03	0.11	1.21	3.0	42.0	119.0	0.308431865828	0.276488517745	0.0824859002169	0.181344680851	0.32899771167	0.26877002584	0.169497109827	0.253163793103	0.296849753695	0.343805491991	0.225381957774	0.321190984579	0.473684210526	0.352941176471		0.352941176471	0.415094339623	0.304347826087		0.272727272727	0.397163120567	0.408805031447	0.272727272727	0.403333333333	0.454186091385
1628367	Jackson, Josh	77	0.74	2.82	0.263	29.0	89.0	28	123	0.0	1.0	0.62	2.22	0.1	0.57	0.0	0.0	0.03	0.18	0.29	1.12	0.43	1.52	0.03	0.18	0.72	2.64	28.0	124.0	0.308431865828	0.276488517745	0.0824859002169	0.181344680851	0.32899771167	0.26877002584	0.169497109827	0.253163793103	0.296849753695	0.343805491991	0.225381957774	0.321190984579	0.325842696629	0.227642276423	0.0	0.225806451613	0.279279279279	0.175438596491		0.166666666667	0.258928571429	0.282894736842	0.166666666667	0.272727272727	0.298768737435
1626196	Richardson, Josh	80	1.59	4.16	0.381	43.0	130.0	84	199	0.0	4.0	1.51	3.9	0.06	0.25	0.0	0.03	0.11	0.29	0.7	1.88	0.78	1.98	0.11	0.32	1.48	3.86	84.0	203.0	0.308431865828	0.276488517745	0.0824859002169	0.181344680851	0.32899771167	0.26877002584	0.169497109827	0.253163793103	0.296849753695	0.343805491991	0.225381957774	0.321190984579	0.330769230769	0.422110552764	0.0	0.413793103448	0.387179487179	0.24	0.0	0.379310344828	0.372340425532	0.393939393939	0.34375	0.383419689119	0.443761163976
201950	Holiday, Jrue	80	1.49	4.4	0.338	49.0	140.0	71	211	0.0	1.0	0.8	2.03	0.66	2.34	0.0	0.0	0.03	0.15	0.51	1.61	0.95	2.64	0.03	0.15	1.46	4.25	71.0	212.0	0.308431865828	0.276488517745	0.0824859002169	0.181344680851	0.32899771167	0.26877002584	0.169497109827	0.253163793103	0.296849753695	0.343805491991	0.225381957774	0.321190984579	0.35	0.336492890995	0.0	0.334905660377	0.394088669951	0.282051282051		0.2	0.316770186335	0.359848484848	0.2	0.343529411765	0.397246373311
203200	Holiday, Justin	72	2.24	6.21	0.36	95.0	229.0	65	213	1.0	3.0	1.76	4.76	0.47	1.44	0.0	0.03	0.35	0.86	0.83	2.69	1.06	2.63	0.35	0.89	1.89	5.32	66.0	216.0	0.308431865828	0.276488517745	0.0824859002169	0.181344680851	0.32899771167	0.26877002584	0.169497109827	0.253163793103	0.296849753695	0.343805491991	0.225381957774	0.321190984579	0.414847161572	0.305164319249	0.333333333333	0.305555555556	0.36974789916	0.326388888889	0.0	0.406976744186	0.308550185874	0.403041825095	0.393258426966	0.355263157895	0.409023059724
1628382	Jackson, Justin	68	0.84	2.71	0.31	35.0	105.0	22	76	0.0	1.0	0.76	2.46	0.07	0.24	0.0	0.0	0.0	0.09	0.13	0.54	0.71	2.07	0.0	0.09	0.84	2.61	22.0	77.0	0.308431865828	0.276488517745	0.0824859002169	0.181344680851	0.32899771167	0.26877002584	0.169497109827	0.253163793103	0.296849753695	0.343805491991	0.225381957774	0.321190984579	0.333333333333	0.289473684211	0.0	0.285714285714	0.308943089431	0.291666666667		0.0	0.240740740741	0.342995169082	0.0	0.32183908046	0.340742539981
1626157	Towns, Karl-Anthony	82	1.46	3.48	0.421	52.0	101.0	67	182	1.0	1.0	1.39	3.24	0.04	0.16	0.0	0.0	0.04	0.12	0.34	0.95	1.09	2.4	0.04	0.12	1.43	3.35	68.0	183.0	0.308431865828	0.276488517745	0.0824859002169	0.181344680851	0.32899771167	0.26877002584	0.169497109827	0.253163793103	0.296849753695	0.343805491991	0.225381957774	0.321190984579	0.514851485149	0.368131868132	1.0	0.371584699454	0.429012345679	0.25		0.333333333333	0.357894736842	0.454166666667	0.333333333333	0.426865671642	0.480696469209
203482	Olynyk, Kelly	75	1.41	3.65	0.387	39.0	96.0	67	183	0.0	0.0	1.25	3.27	0.15	0.36	0.0	0.0	0.01	0.08	0.16	0.51	1.24	3.07	0.01	0.08	1.4	3.58	67.0	183.0	0.308431865828	0.276488517745	0.0824859002169	0.181344680851	0.32899771167	0.26877002584	0.169497109827	0.253163793103	0.296849753695	0.343805491991	0.225381957774	0.321190984579	0.40625	0.366120218579		0.366120218579	0.382262996942	0.416666666667		0.125	0.313725490196	0.403908794788	0.125	0.391061452514	0.443187984784
1626162	Oubre Jr., Kelly	81	1.56	4.48	0.347	42.0	134.0	81	230	3.0	4.0	1.36	3.91	0.2	0.54	0.0	0.01	0.09	0.25	0.53	1.74	0.94	2.48	0.09	0.26	1.47	4.22	84.0	234.0	0.308431865828	0.276488517745	0.0824859002169	0.181344680851	0.32899771167	0.26877002584	0.169497109827	0.253163793103	0.296849753695	0.343805491991	0.225381957774	0.321190984579	0.313432835821	0.352173913043	0.75	0.358974358974	0.347826086957	0.37037037037	0.0	0.36	0.304597701149	0.379032258065	0.346153846154	0.348341232227	0.406581609561
202689	Walker, Kemba	80	2.89	7.41	0.39	40.0	98.0	190	486	1.0	7.0	1.11	2.78	1.76	4.61	0.19	0.35	0.45	1.44	1.1	3.0	1.15	2.63	0.64	1.79	2.25	5.63	191.0	493.0	0.308431865828	0.276488517745	0.0824859002169	0.181344680851	0.32899771167	0.26877002584	0.169497109827	0.253163793103	0.296849753695	0.343805491991	0.225381957774	0.321190984579	0.408163265306	0.390946502058	0.142857142857	0.387423935091	0.39928057554	0.381778741866	0.542857142857	0.3125	0.366666666667	0.437262357414	0.357541899441	0.399644760213	0.495078179866
203145	Bazemore, Kent	64	1.66	4.23	0.391	57.0	132.0	50	140	1.0	1.0	1.16	2.75	0.48	1.45	0.0	0.0	0.09	0.25	0.44	1.38	1.13	2.61	0.09	0.25	1.57	3.99	51.0	141.0	0.308431865828	0.276488517745	0.0824859002169	0.181344680851	0.32899771167	0.26877002584	0.169497109827	0.253163793103	0.296849753695	0.343805491991	0.225381957774	0.321190984579	0.431818181818	0.357142857143	1.0	0.36170212766	0.421818181818	0.331034482759		0.36	0.31884057971	0.432950191571	0.36	0.393483709273	0.447714231264
203484	Caldwell-Pope, Kentavious	73	2.11	5.51	0.383	46.0	133.0	113	279	0.0	2.0	1.68	4.18	0.4	1.29	0.01	0.12	0.21	0.75	0.67	1.84	1.22	2.79	0.22	0.87	1.89	4.63	113.0	281.0	0.308431865828	0.276488517745	0.0824859002169	0.181344680851	0.32899771167	0.26877002584	0.169497109827	0.253163793103	0.296849753695	0.343805491991	0.225381957774	0.321190984579	0.345864661654	0.405017921147	0.0	0.402135231317	0.401913875598	0.31007751938	0.0833333333333	0.28	0.364130434783	0.437275985663	0.252873563218	0.408207343413	0.457541035747
201142	Durant, Kevin	68	2.51	6.03	0.417	41.0	92.0	131	311	1.0	6.0	1.53	3.15	0.94	2.82	0.03	0.09	0.78	2.04	1.0	2.66	0.71	1.24	0.81	2.13	1.71	3.9	132.0	317.0	0.308431865828	0.276488517745	0.0824859002169	0.181344680851	0.32899771167	0.26877002584	0.169497109827	0.253163793103	0.296849753695	0.343805491991	0.225381957774	0.321190984579	0.445652173913	0.421221864952	0.166666666667	0.416403785489	0.485714285714	0.333333333333	0.333333333333	0.382352941176	0.375939849624	0.572580645161	0.380281690141	0.438461538462	0.524396991544
201567	Love, Kevin	59	2.32	5.54	0.419	55.0	138.0	79	187	3.0	4.0	2.07	4.97	0.22	0.51	0.0	0.02	0.1	0.49	0.59	1.69	1.63	3.34	0.1	0.51	2.22	5.03	82.0	191.0	0.308431865828	0.276488517745	0.0824859002169	0.181344680851	0.32899771167	0.26877002584	0.169497109827	0.253163793103	0.296849753695	0.343805491991	0.225381957774	0.321190984579	0.398550724638	0.422459893048	0.75	0.429319371728	0.416498993964	0.43137254902	0.0	0.204081632653	0.349112426036	0.488023952096	0.196078431373	0.441351888668	0.481469051349
203114	Middleton, Khris	81	1.78	4.9	0.363	52.0	134.0	94	270	0.0	2.0	1.41	3.6	0.37	1.28	0.02	0.05	0.3	0.83	0.74	2.02	0.72	2.0	0.32	0.88	1.46	4.02	94.0	272.0	0.308431865828	0.276488517745	0.0824859002169	0.181344680851	0.32899771167	0.26877002584	0.169497109827	0.253163793103	0.296849753695	0.343805491991	0.225381957774	0.321190984579	0.388059701493	0.348148148148	0.0	0.345588235294	0.391666666667	0.2890625	0.4	0.361445783133	0.366336633663	0.36	0.363636363636	0.363184079602	0.43154403519
202691	Thompson, Klay	73	3.11	7.07	0.44	90.0	180.0	138	334	1.0	4.0	2.56	5.73	0.55	1.3	0.01	0.08	0.47	1.4	1.27	2.93	1.36	2.66	0.48	1.48	2.63	5.59	139.0	338.0	0.308431865828	0.276488517745	0.0824859002169	0.181344680851	0.32899771167	0.26877002584	0.169497109827	0.253163793103	0.296849753695	0.343805491991	0.225381957774	0.321190984579	0.5	0.413173652695	0.25	0.41124260355	0.446771378709	0.423076923077	0.125	0.335714285714	0.433447098976	0.511278195489	0.324324324324	0.470483005367	0.519602594533
1627739	Dunn, Kris	52	0.83	2.54	0.326	12.0	38.0	31	95	0.0	0.0	0.4	1.37	0.4	1.13	0.0	0.02	0.02	0.04	0.17	0.54	0.63	1.94	0.02	0.06	0.8	2.48	31.0	95.0	0.308431865828	0.276488517745	0.0824859002169	0.181344680851	0.32899771167	0.26877002584	0.169497109827	0.253163793103	0.296849753695	0.343805491991	0.225381957774	0.321190984579	0.315789473684	0.326315789474		0.326315789474	0.29197080292	0.353982300885	0.0	0.5	0.314814814815	0.324742268041	0.333333333333	0.322580645161	0.389563124385
2594	Korver, Kyle	73	2.25	5.01	0.448	63.0	141.0	96	223	4.0	10.0	1.96	4.26	0.29	0.75	0.07	0.12	0.4	1.1	0.95	2.12	0.84	1.67	0.47	1.22	1.79	3.79	100.0	233.0	0.308431865828	0.276488517745	0.0824859002169	0.181344680851	0.32899771167	0.26877002584	0.169497109827	0.253163793103	0.296849753695	0.343805491991	0.225381957774	0.321190984579	0.446808510638	0.430493273543	0.4	0.429184549356	0.460093896714	0.386666666667	0.583333333333	0.363636363636	0.448113207547	0.502994011976	0.385245901639	0.472295514512	0.525419912883
1628398	Kuzma, Kyle	76	2.07	5.63	0.367	48.0	144.0	110	283	1.0	4.0	1.74	4.63	0.3	0.97	0.01	0.01	0.08	0.38	0.97	2.67	1.0	2.57	0.09	0.39	1.97	5.24	111.0	287.0	0.308431865828	0.276488517745	0.0824859002169	0.181344680851	0.32899771167	0.26877002584	0.169497109827	0.253163793103	0.296849753695	0.343805491991	0.225381957774	0.321190984579	0.333333333333	0.388692579505	0.25	0.386759581882	0.375809935205	0.309278350515	1.0	0.210526315789	0.36329588015	0.389105058366	0.230769230769	0.375954198473	0.432792656227
200768	Lowry, Kyle	78	3.05	7.54	0.405	66.0	152.0	168	424	4.0	17.0	1.68	4.06	1.36	3.4	0.06	0.15	0.55	1.65	1.22	3.15	1.22	2.58	0.61	1.8	2.44	5.73	172.0	441.0	0.308431865828	0.276488517745	0.0824859002169	0.181344680851	0.32899771167	0.26877002584	0.169497109827	0.253163793103	0.296849753695	0.343805491991	0.225381957774	0.321190984579	0.434210526316	0.396226415094	0.235294117647	0.390022675737	0.413793103448	0.4	0.4	0.333333333333	0.387301587302	0.472868217054	0.338888888889	0.425828970332	0.497486662435
202681	Irving, Kyrie	57	2.74	6.75	0.405	41.0	106.0	124	291	1.0	7.0	1.18	2.95	1.44	3.53	0.05	0.18	0.74	1.96	1.32	2.98	0.63	1.63	0.79	2.14	1.95	4.61	125.0	298.0	0.308431865828	0.276488517745	0.0824859002169	0.181344680851	0.32899771167	0.26877002584	0.169497109827	0.253163793103	0.296849753695	0.343805491991	0.225381957774	0.321190984579	0.38679245283	0.426116838488	0.142857142857	0.419463087248	0.4	0.407932011331	0.277777777778	0.377551020408	0.442953020134	0.386503067485	0.369158878505	0.422993492408	0.512506690929
202362	Stephenson, Lance	81	0.81	2.81	0.289	19.0	61.0	45	153	3.0	8.0	0.52	1.64	0.28	1.14	0.0	0.0	0.01	0.11	0.27	0.9	0.53	1.8	0.01	0.11	0.8	2.7	48.0	161.0	0.308431865828	0.276488517745	0.0824859002169	0.181344680851	0.32899771167	0.26877002584	0.169497109827	0.253163793103	0.296849753695	0.343805491991	0.225381957774	0.321190984579	0.311475409836	0.294117647059	0.375	0.298136645963	0.317073170732	0.245614035088		0.0909090909091	0.3	0.294444444444	0.0909090909091	0.296296296296	0.351145257995
204038	Galloway, Langston	58	1.29	3.69	0.35	25.0	69.0	50	147	0.0	0.0	1.05	3.14	0.24	0.55	0.0	0.02	0.17	0.6	0.62	1.72	0.5	1.34	0.17	0.62	1.12	3.06	50.0	147.0	0.308431865828	0.276488517745	0.0824859002169	0.181344680851	0.32899771167	0.26877002584	0.169497109827	0.253163793103	0.296849753695	0.343805491991	0.225381957774	0.321190984579	0.36231884058	0.340136054422		0.340136054422	0.334394904459	0.436363636364	0.0	0.283333333333	0.360465116279	0.373134328358	0.274193548387	0.366013071895	0.414598266765
1628374	Markkanen, Lauri	68	2.13	5.84	0.365	46.0	125.0	99	274	0.0	0.0	2.01	5.46	0.12	0.37	0.0	0.0	0.16	0.53	0.74	2.56	1.24	2.75	0.16	0.53	1.98	5.31	99.0	274.0	0.308431865828	0.276488517745	0.0824859002169	0.181344680851	0.32899771167	0.26877002584	0.169497109827	0.253163793103	0.296849753695	0.343805491991	0.225381957774	0.321190984579	0.368	0.361313868613		0.361313868613	0.368131868132	0.324324324324		0.301886792453	0.2890625	0.450909090909	0.301886792453	0.372881355932	0.428447079053
2544	James, LeBron	82	1.82	4.94	0.368	29.0	98.0	113	295	7.0	11.0	0.48	1.17	1.2	3.32	0.0	0.0	0.22	0.68	0.87	2.52	0.73	1.73	0.22	0.68	1.6	4.25	120.0	306.0	0.308431865828	0.276488517745	0.0824859002169	0.181344680851	0.32899771167	0.26877002584	0.169497109827	0.253163793103	0.296849753695	0.343805491991	0.225381957774	0.321190984579	0.295918367347	0.383050847458	0.636363636364	0.392156862745	0.410256410256	0.361445783133		0.323529411765	0.345238095238	0.421965317919	0.323529411765	0.376470588235	0.466388026898
1628366	Ball, Lonzo	51	1.75	5.59	0.312	23.0	63.0	66	223	1.0	4.0	1.14	3.43	0.61	2.1	0.0	0.0	0.12	0.43	0.76	2.51	0.86	2.65	0.12	0.43	1.62	5.16	67.0	227.0	0.308431865828	0.276488517745	0.0824859002169	0.181344680851	0.32899771167	0.26877002584	0.169497109827	0.253163793103	0.296849753695	0.343805491991	0.225381957774	0.321190984579	0.365079365079	0.295964125561	0.25	0.295154185022	0.332361516035	0.290476190476		0.279069767442	0.302788844622	0.324528301887	0.279069767442	0.313953488372	0.377941519598
101150	Williams, Lou	79	2.35	6.47	0.364	63.0	176.0	119	322	3.0	16.0	1.14	2.87	1.2	3.38	0.04	0.11	0.49	1.44	1.11	2.99	0.71	1.92	0.53	1.55	1.82	4.91	122.0	338.0	0.308431865828	0.276488517745	0.0824859002169	0.181344680851	0.32899771167	0.26877002584	0.169497109827	0.253163793103	0.296849753695	0.343805491991	0.225381957774	0.321190984579	0.357954545455	0.369565217391	0.1875	0.360946745562	0.397212543554	0.355029585799	0.363636363636	0.340277777778	0.371237458194	0.369791666667	0.341935483871	0.37067209776	0.447446331143
201601	Mbah a Moute, Luc	61	1.03	2.82	0.366	39.0	107.0	24	66	0.0	0.0	0.93	2.67	0.07	0.1	0.0	0.0	0.02	0.16	0.28	0.95	0.74	1.7	0.02	0.16	1.02	2.65	24.0	66.0	0.308431865828	0.276488517745	0.0824859002169	0.181344680851	0.32899771167	0.26877002584	0.169497109827	0.253163793103	0.296849753695	0.343805491991	0.225381957774	0.321190984579	0.364485981308	0.363636363636		0.363636363636	0.348314606742	0.7		0.125	0.294736842105	0.435294117647	0.125	0.384905660377	0.400396438377
1628379	Kennard, Luke	73	1.11	2.63	0.422	21.0	55.0	60	139	0.0	1.0	0.95	2.12	0.14	0.48	0.01	0.03	0.04	0.15	0.33	0.88	0.73	1.58	0.05	0.18	1.06	2.46	60.0	140.0	0.308431865828	0.276488517745	0.0824859002169	0.181344680851	0.32899771167	0.26877002584	0.169497109827	0.253163793103	0.296849753695	0.343805491991	0.225381957774	0.321190984579	0.381818181818	0.431654676259	0.0	0.428571428571	0.448113207547	0.291666666667	0.333333333333	0.266666666667	0.375	0.462025316456	0.277777777778	0.430894308943	0.496939787989
1627098	Delaney, Malcolm	53	0.87	2.32	0.374	26.0	58.0	20	63	0.0	0.0	0.64	1.55	0.23	0.77	0.0	0.0	0.06	0.28	0.38	1.06	0.43	0.98	0.06	0.28	0.81	2.04	20.0	63.0	0.308431865828	0.276488517745	0.0824859002169	0.181344680851	0.32899771167	0.26877002584	0.169497109827	0.253163793103	0.296849753695	0.343805491991	0.225381957774	0.321190984579	0.448275862069	0.31746031746		0.31746031746	0.412903225806	0.298701298701		0.214285714286	0.358490566038	0.438775510204	0.214285714286	0.397058823529	0.426403360574
1628370	Monk, Malik	63	1.32	3.83	0.344	32.0	81.0	51	153	0.0	5.0	0.67	1.71	0.65	2.11	0.02	0.06	0.13	0.71	0.6	1.57	0.57	1.48	0.15	0.77	1.17	3.05	51.0	158.0	0.308431865828	0.276488517745	0.0824859002169	0.181344680851	0.32899771167	0.26877002584	0.169497109827	0.253163793103	0.296849753695	0.343805491991	0.225381957774	0.321190984579	0.395061728395	0.333333333333	0.0	0.322784810127	0.391812865497	0.308056872038	0.333333333333	0.183098591549	0.382165605096	0.385135135135	0.194805194805	0.383606557377	0.414248673228
1938	Ginobili, Manu	65	0.98	2.92	0.337	30.0	77.0	34	109	0.0	0.0	0.69	1.8	0.26	1.05	0.0	0.06	0.05	0.15	0.26	0.86	0.68	1.85	0.05	0.21	0.94	2.71	34.0	109.0	0.308431865828	0.276488517745	0.0824859002169	0.181344680851	0.32899771167	0.26877002584	0.169497109827	0.253163793103	0.296849753695	0.343805491991	0.225381957774	0.321190984579	0.38961038961	0.311926605505		0.311926605505	0.383333333333	0.247619047619	0.0	0.333333333333	0.302325581395	0.367567567568	0.238095238095	0.346863468635	0.390762174602
201188	Gasol, Marc	73	1.48	4.34	0.341	16.0	52.0	92	262	1.0	2.0	1.44	4.11	0.01	0.18	0.0	0.03	0.01	0.05	0.12	0.55	1.34	3.71	0.01	0.08	1.46	4.26	93.0	264.0	0.308431865828	0.276488517745	0.0824859002169	0.181344680851	0.32899771167	0.26877002584	0.169497109827	0.253163793103	0.296849753695	0.343805491991	0.225381957774	0.321190984579	0.307692307692	0.351145038168	0.5	0.352272727273	0.350364963504	0.0555555555556	0.0	0.2	0.218181818182	0.361185983827	0.125	0.342723004695	0.409797669007
201158	Belinelli, Marco	79	1.89	4.9	0.385	49.0	128.0	98	257	2.0	7.0	1.27	3.32	0.54	1.44	0.0	0.1	0.46	1.32	0.8	1.91	0.63	1.57	0.46	1.42	1.43	3.48	100.0	264.0	0.308431865828	0.276488517745	0.0824859002169	0.181344680851	0.32899771167	0.26877002584	0.169497109827	0.253163793103	0.296849753695	0.343805491991	0.225381957774	0.321190984579	0.3828125	0.381322957198	0.285714285714	0.378787878788	0.382530120482	0.375	0.0	0.348484848485	0.418848167539	0.40127388535	0.323943661972	0.41091954023	0.463391220573
202694	Morris, Marcus	52	1.58	4.31	0.366	32.0	71.0	54	153	0.0	1.0	1.27	3.44	0.27	0.79	0.0	0.04	0.06	0.21	0.65	1.6	0.87	2.46	0.06	0.25	1.52	4.06	54.0	154.0	0.308431865828	0.276488517745	0.0824859002169	0.181344680851	0.32899771167	0.26877002584	0.169497109827	0.253163793103	0.296849753695	0.343805491991	0.225381957774	0.321190984579	0.450704225352	0.352941176471	0.0	0.350649350649	0.369186046512	0.341772151899	0.0	0.285714285714	0.40625	0.353658536585	0.24	0.374384236453	0.433764013529
203935	Smart, Marcus	51	1.37	4.61	0.298	22.0	65.0	52	176	1.0	5.0	0.98	3.14	0.37	1.37	0.0	0.06	0.22	0.69	0.53	1.65	0.63	2.22	0.22	0.75	1.16	3.87	53.0	181.0	0.308431865828	0.276488517745	0.0824859002169	0.181344680851	0.32899771167	0.26877002584	0.169497109827	0.253163793103	0.296849753695	0.343805491991	0.225381957774	0.321190984579	0.338461538462	0.295454545455	0.2	0.292817679558	0.312101910828	0.270072992701	0.0	0.31884057971	0.321212121212	0.283783783784	0.293333333333	0.299741602067	0.364175738261
201596	Chalmers, Mario	66	0.8	2.85	0.282	21.0	65.0	31	114	1.0	2.0	0.65	2.08	0.14	0.74	0.0	0.03	0.05	0.26	0.23	0.86	0.53	1.7	0.05	0.29	0.76	2.56	32.0	116.0	0.308431865828	0.276488517745	0.0824859002169	0.181344680851	0.32899771167	0.26877002584	0.169497109827	0.253163793103	0.296849753695	0.343805491991	0.225381957774	0.321190984579	0.323076923077	0.271929824561	0.5	0.275862068966	0.3125	0.189189189189	0.0	0.192307692308	0.267441860465	0.311764705882	0.172413793103	0.296875	0.333217295317
1626209	Hezonja, Mario	75	1.2	3.56	0.337	17.0	73.0	73	188	0.0	4.0	1.01	3.01	0.16	0.44	0.0	0.0	0.16	0.35	0.48	1.39	0.56	1.83	0.16	0.35	1.04	3.22	73.0	192.0	0.308431865828	0.276488517745	0.0824859002169	0.181344680851	0.32899771167	0.26877002584	0.169497109827	0.253163793103	0.296849753695	0.343805491991	0.225381957774	0.321190984579	0.232876712329	0.38829787234	0.0	0.380208333333	0.335548172757	0.363636363636		0.457142857143	0.345323741007	0.306010928962	0.457142857143	0.32298136646	0.412461234353
202693	Morris, Markieff	73	1.03	2.81	0.366	32.0	82.0	44	119	0.0	1.0	1.0	2.64	0.01	0.14	0.0	0.01	0.04	0.15	0.32	0.89	0.67	1.75	0.04	0.16	0.99	2.64	44.0	120.0	0.308431865828	0.276488517745	0.0824859002169	0.181344680851	0.32899771167	0.26877002584	0.169497109827	0.253163793103	0.296849753695	0.343805491991	0.225381957774	0.321190984579	0.390243902439	0.36974789916	0.0	0.366666666667	0.378787878788	0.0714285714286	0.0	0.266666666667	0.359550561798	0.382857142857	0.25	0.375	0.422311164595
1627737	Chriss, Marquese	72	0.78	2.61	0.298	24.0	89.0	32	100	0.0	0.0	0.78	2.54	0.0	0.07	0.0	0.01	0.01	0.03	0.07	0.26	0.69	2.31	0.01	0.04	0.76	2.57	32.0	100.0	0.308431865828	0.276488517745	0.0824859002169	0.181344680851	0.32899771167	0.26877002584	0.169497109827	0.253163793103	0.296849753695	0.343805491991	0.225381957774	0.321190984579	0.269662921348	0.32		0.32	0.307086614173	0.0	0.0	0.333333333333	0.269230769231	0.298701298701	0.25	0.295719844358	0.336816498345
201578	Speights, Marreese	52	1.65	4.48	0.369	14.0	28.0	71	200	1.0	4.0	1.6	4.23	0.02	0.17	0.0	0.0	0.06	0.33	0.6	1.77	1.0	2.38	0.06	0.33	1.6	4.15	72.0	204.0	0.308431865828	0.276488517745	0.0824859002169	0.181344680851	0.32899771167	0.26877002584	0.169497109827	0.253163793103	0.296849753695	0.343805491991	0.225381957774	0.321190984579	0.5	0.355	0.25	0.352941176471	0.378250591017	0.117647058824		0.181818181818	0.338983050847	0.420168067227	0.181818181818	0.385542168675	0.444536698459
101107	Williams, Marvin	78	1.62	3.91	0.413	44.0	118.0	81	184	1.0	3.0	1.56	3.78	0.05	0.13	0.0	0.0	0.05	0.15	0.46	1.36	1.1	2.4	0.05	0.15	1.56	3.76	82.0	187.0	0.308431865828	0.276488517745	0.0824859002169	0.181344680851	0.32899771167	0.26877002584	0.169497109827	0.253163793103	0.296849753695	0.343805491991	0.225381957774	0.321190984579	0.372881355932	0.440217391304	0.333333333333	0.438502673797	0.412698412698	0.384615384615		0.333333333333	0.338235294118	0.458333333333	0.333333333333	0.414893617021	0.477786257016
203488	Muscala, Mike	53	1.17	3.11	0.376	36.0	76.0	26	91	0.0	0.0	1.17	3.08	0.0	0.02	0.0	0.02	0.02	0.06	0.15	0.55	1.0	2.49	0.02	0.08	1.15	3.04	26.0	91.0	0.308431865828	0.276488517745	0.0824859002169	0.181344680851	0.32899771167	0.26877002584	0.169497109827	0.253163793103	0.296849753695	0.343805491991	0.225381957774	0.321190984579	0.473684210526	0.285714285714		0.285714285714	0.37987012987	0.0	0.0	0.333333333333	0.272727272727	0.401606425703	0.25	0.378289473684	0.411836372515
203118	Scott, Mike	76	0.87	2.13	0.407	24.0	60.0	42	101	0.0	1.0	0.87	2.03	0.0	0.09	0.0	0.0	0.01	0.11	0.2	0.51	0.66	1.51	0.01	0.11	0.86	2.02	42.0	102.0	0.308431865828	0.276488517745	0.0824859002169	0.181344680851	0.32899771167	0.26877002584	0.169497109827	0.253163793103	0.296849753695	0.343805491991	0.225381957774	0.321190984579	0.4	0.415841584158	0.0	0.411764705882	0.428571428571	0.0		0.0909090909091	0.392156862745	0.437086092715	0.0909090909091	0.425742574257	0.469973768823
1626167	Turner, Myles	64	0.88	2.41	0.364	7.0	22.0	49	131	0.0	2.0	0.84	2.28	0.03	0.11	0.0	0.0	0.0	0.02	0.05	0.27	0.83	2.13	0.0	0.02	0.88	2.4	49.0	133.0	0.308431865828	0.276488517745	0.0824859002169	0.181344680851	0.32899771167	0.26877002584	0.169497109827	0.253163793103	0.296849753695	0.343805491991	0.225381957774	0.321190984579	0.318181818182	0.374045801527	0.0	0.368421052632	0.368421052632	0.272727272727		0.0	0.185185185185	0.389671361502	0.0	0.366666666667	0.437766966302
202357	Bjelica, Nemanja	67	1.13	2.72	0.418	29.0	71.0	47	107	0.0	5.0	1.03	2.46	0.09	0.21	0.0	0.0	0.0	0.09	0.18	0.61	0.96	2.01	0.0	0.09	1.14	2.62	47.0	112.0	0.308431865828	0.276488517745	0.0824859002169	0.181344680851	0.32899771167	0.26877002584	0.169497109827	0.253163793103	0.296849753695	0.343805491991	0.225381957774	0.321190984579	0.408450704225	0.439252336449	0.0	0.419642857143	0.418699186992	0.428571428571		0.0	0.295081967213	0.477611940299	0.0	0.435114503817	0.480993981477
201156	Young, Nick	80	1.54	4.05	0.38	52.0	134.0	69	185	2.0	5.0	1.1	2.78	0.43	1.26	0.03	0.05	0.39	1.2	0.7	1.76	0.43	1.04	0.42	1.25	1.13	2.8	71.0	190.0	0.308431865828	0.276488517745	0.0824859002169	0.181344680851	0.32899771167	0.26877002584	0.169497109827	0.253163793103	0.296849753695	0.343805491991	0.225381957774	0.321190984579	0.388059701493	0.372972972973	0.4	0.373684210526	0.395683453237	0.34126984127	0.6	0.325	0.397727272727	0.413461538462	0.336	0.403571428571	0.454188251596
201587	Batum, Nicolas	64	1.44	4.25	0.338	25.0	78.0	67	193	0.0	1.0	1.17	3.27	0.25	0.91	0.05	0.23	0.48	1.2	0.39	1.41	0.52	1.41	0.53	1.43	0.91	2.82	67.0	194.0	0.308431865828	0.276488517745	0.0824859002169	0.181344680851	0.32899771167	0.26877002584	0.169497109827	0.253163793103	0.296849753695	0.343805491991	0.225381957774	0.321190984579	0.320512820513	0.347150259067	0.0	0.345360824742	0.357798165138	0.274725274725	0.217391304348	0.4	0.276595744681	0.368794326241	0.370629370629	0.322695035461	0.418603566104
203999	Jokic, Nikola	74	1.49	3.74	0.397	46.0	105.0	64	171	1.0	1.0	1.27	3.14	0.15	0.41	0.0	0.03	0.2	0.42	0.74	1.85	0.54	1.45	0.2	0.45	1.28	3.3	65.0	172.0	0.308431865828	0.276488517745	0.0824859002169	0.181344680851	0.32899771167	0.26877002584	0.169497109827	0.253163793103	0.296849753695	0.343805491991	0.225381957774	0.321190984579	0.438095238095	0.374269005848	1.0	0.377906976744	0.404458598726	0.365853658537	0.0	0.47619047619	0.4	0.372413793103	0.444444444444	0.387878787879	0.463992551871
202703	Mirotic, Nikola	54	2.46	6.43	0.383	50.0	119.0	85	239	0.0	0.0	1.96	5.24	0.43	1.04	0.0	0.02	0.3	0.96	1.2	3.24	0.96	2.2	0.3	0.98	2.16	5.44	85.0	239.0	0.308431865828	0.276488517745	0.0824859002169	0.181344680851	0.32899771167	0.26877002584	0.169497109827	0.253163793103	0.296849753695	0.343805491991	0.225381957774	0.321190984579	0.420168067227	0.355648535565		0.355648535565	0.374045801527	0.413461538462	0.0	0.3125	0.37037037037	0.436363636364	0.30612244898	0.397058823529	0.447481914432
202696	Vucevic, Nikola	57	1.12	3.53	0.318	10.0	28.0	53	174	0.0	0.0	1.12	3.51	0.0	0.02	0.0	0.0	0.0	0.02	0.12	0.63	1.0	2.88	0.0	0.02	1.12	3.51	53.0	174.0	0.308431865828	0.276488517745	0.0824859002169	0.181344680851	0.32899771167	0.26877002584	0.169497109827	0.253163793103	0.296849753695	0.343805491991	0.225381957774	0.321190984579	0.357142857143	0.304597701149		0.304597701149	0.319088319088	0.0		0.0	0.190476190476	0.347222222222	0.0	0.319088319088	0.376772188884
1626181	Powell, Norman	70	0.76	2.59	0.293	25.0	90.0	28	94	0.0	1.0	0.64	2.07	0.11	0.51	0.0	0.01	0.06	0.21	0.36	1.17	0.34	1.19	0.06	0.22	0.7	2.36	28.0	95.0	0.308431865828	0.276488517745	0.0824859002169	0.181344680851	0.32899771167	0.26877002584	0.169497109827	0.253163793103	0.296849753695	0.343805491991	0.225381957774	0.321190984579	0.277777777778	0.297872340426	0.0	0.294736842105	0.309178743961	0.21568627451	0.0	0.285714285714	0.307692307692	0.285714285714	0.272727272727	0.296610169492	0.332421851209
1628384	Anunoby, OG	74	0.95	2.61	0.363	57.0	123.0	16	74	0.0	0.0	0.85	2.42	0.07	0.14	0.0	0.01	0.03	0.03	0.24	0.55	0.68	2.01	0.03	0.04	0.92	2.56	16.0	74.0	0.308431865828	0.276488517745	0.0824859002169	0.181344680851	0.32899771167	0.26877002584	0.169497109827	0.253163793103	0.296849753695	0.343805491991	0.225381957774	0.321190984579	0.463414634146	0.216216216216		0.216216216216	0.351239669421	0.5	0.0	1.0	0.436363636364	0.338308457711	0.75	0.359375	0.38775614918
203490	Porter Jr., Otto	77	1.79	4.04	0.444	49.0	101.0	89	209	0.0	1.0	1.53	3.45	0.25	0.55	0.0	0.0	0.12	0.26	0.79	1.7	0.88	2.08	0.12	0.26	1.67	3.78	89.0	210.0	0.308431865828	0.276488517745	0.0824859002169	0.181344680851	0.32899771167	0.26877002584	0.169497109827	0.253163793103	0.296849753695	0.343805491991	0.225381957774	0.321190984579	0.485148514851	0.425837320574	0.0	0.42380952381	0.44347826087	0.454545454545		0.461538461538	0.464705882353	0.423076923077	0.461538461538	0.441798941799	0.519661007737
200782	Tucker, PJ	82	1.39	3.73	0.373	96.0	233.0	19	77	0.0	0.0	1.37	3.61	0.02	0.12	0.0	0.0	0.04	0.1	0.33	0.85	1.02	2.78	0.04	0.1	1.35	3.63	19.0	77.0	0.308431865828	0.276488517745	0.0824859002169	0.181344680851	0.32899771167	0.26877002584	0.169497109827	0.253163793103	0.296849753695	0.343805491991	0.225381957774	0.321190984579	0.412017167382	0.246753246753		0.246753246753	0.379501385042	0.166666666667		0.4	0.388235294118	0.36690647482	0.4	0.371900826446	0.388329600211
1626192	Connaughton, Pat	82	0.9	2.51	0.359	28.0	83.0	46	124	0.0	2.0	0.77	2.23	0.11	0.26	0.01	0.02	0.09	0.21	0.48	1.18	0.33	1.1	0.1	0.23	0.81	2.28	46.0	126.0	0.308431865828	0.276488517745	0.0824859002169	0.181344680851	0.32899771167	0.26877002584	0.169497109827	0.253163793103	0.296849753695	0.343805491991	0.225381957774	0.321190984579	0.33734939759	0.370967741935	0.0	0.365079365079	0.345291479821	0.423076923077	0.5	0.428571428571	0.406779661017	0.3	0.434782608696	0.355263157895	0.41703667178
202335	Patterson, Patrick	80	0.76	2.05	0.372	43.0	115.0	23	55	0.0	1.0	0.76	2.04	0.0	0.01	0.0	0.0	0.03	0.05	0.26	0.61	0.48	1.39	0.03	0.05	0.74	2.0	23.0	56.0	0.308431865828	0.276488517745	0.0824859002169	0.181344680851	0.32899771167	0.26877002584	0.169497109827	0.253163793103	0.296849753695	0.343805491991	0.225381957774	0.321190984579	0.373913043478	0.418181818182	0.0	0.410714285714	0.372549019608	0.0		0.6	0.426229508197	0.345323741007	0.6	0.37	0.410929187742
201988	Mills, Patty	82	1.88	5.01	0.375	62.0	144.0	91	266	1.0	2.0	1.24	3.39	0.63	1.62	0.05	0.1	0.22	0.66	0.61	1.77	1.0	2.49	0.27	0.76	1.61	4.26	92.0	268.0	0.308431865828	0.276488517745	0.0824859002169	0.181344680851	0.32899771167	0.26877002584	0.169497109827	0.253163793103	0.296849753695	0.343805491991	0.225381957774	0.321190984579	0.430555555556	0.342105263158	0.5	0.34328358209	0.365781710914	0.388888888889	0.5	0.333333333333	0.344632768362	0.401606425703	0.355263157895	0.3779342723	0.443024833539
202331	George, Paul	78	3.08	7.65	0.402	107.0	260.0	137	341	0.0	1.0	2.21	5.37	0.81	2.14	0.03	0.1	0.26	1.04	1.29	3.36	1.5	3.15	0.29	1.14	2.79	6.51	137.0	342.0	0.308431865828	0.276488517745	0.0824859002169	0.181344680851	0.32899771167	0.26877002584	0.169497109827	0.253163793103	0.296849753695	0.343805491991	0.225381957774	0.321190984579	0.411538461538	0.401759530792	0.0	0.400584795322	0.411545623836	0.378504672897	0.3	0.25	0.383928571429	0.47619047619	0.254385964912	0.428571428571	0.469943257927
1627835	Zipser, Paul	54	0.69	2.02	0.339	18.0	44.0	19	66	0.0	0.0	0.67	1.81	0.02	0.19	0.0	0.04	0.04	0.09	0.15	0.61	0.5	1.28	0.04	0.13	0.65	1.89	19.0	66.0	0.308431865828	0.276488517745	0.0824859002169	0.181344680851	0.32899771167	0.26877002584	0.169497109827	0.253163793103	0.296849753695	0.343805491991	0.225381957774	0.321190984579	0.409090909091	0.287878787879		0.287878787879	0.370165745856	0.105263157895	0.0	0.444444444444	0.245901639344	0.390625	0.307692307692	0.343915343915	0.384884823816
203112	Acy, Quincy	68	1.46	4.09	0.356	49.0	140.0	53	152	0.0	0.0	1.41	3.91	0.03	0.1	0.0	0.0	0.03	0.19	0.37	1.22	1.06	2.68	0.03	0.19	1.43	3.9	53.0	152.0	0.308431865828	0.276488517745	0.0824859002169	0.181344680851	0.32899771167	0.26877002584	0.169497109827	0.253163793103	0.296849753695	0.343805491991	0.225381957774	0.321190984579	0.35	0.348684210526		0.348684210526	0.360613810742	0.3		0.157894736842	0.303278688525	0.39552238806	0.157894736842	0.366666666667	0.399126961045
200765	Rondo, Rajon	64	0.78	2.31	0.338	27.0	87.0	23	62	0.0	0.0	0.48	1.55	0.3	0.7	0.0	0.0	0.0	0.0	0.14	0.45	0.64	1.86	0.0	0.0	0.78	2.31	23.0	62.0	0.308431865828	0.276488517745	0.0824859002169	0.181344680851	0.32899771167	0.26877002584	0.169497109827	0.253163793103	0.296849753695	0.343805491991	0.225381957774	0.321190984579	0.310344827586	0.370967741935		0.370967741935	0.309677419355	0.428571428571			0.311111111111	0.344086021505		0.337662337662	0.385985179997
101109	Felton, Raymond	80	0.98	2.79	0.35	34.0	76.0	46	136	1.0	4.0	0.68	1.71	0.3	1.08	0.0	0.01	0.06	0.29	0.34	0.95	0.58	1.54	0.06	0.3	0.92	2.49	47.0	140.0	0.308431865828	0.276488517745	0.0824859002169	0.181344680851	0.32899771167	0.26877002584	0.169497109827	0.253163793103	0.296849753695	0.343805491991	0.225381957774	0.321190984579	0.447368421053	0.338235294118	0.25	0.335714285714	0.397660818713	0.277777777778	0.0	0.206896551724	0.357894736842	0.376623376623	0.2	0.369477911647	0.421078668895
203493	Bullock, Reggie	62	2.02	4.48	0.45	46.0	110.0	78	169	1.0	1.0	1.73	3.84	0.29	0.65	0.0	0.0	0.15	0.42	0.76	1.63	1.11	2.44	0.15	0.42	1.87	4.07	79.0	170.0	0.308431865828	0.276488517745	0.0824859002169	0.181344680851	0.32899771167	0.26877002584	0.169497109827	0.253163793103	0.296849753695	0.343805491991	0.225381957774	0.321190984579	0.418181818182	0.461538461538	1.0	0.464705882353	0.450520833333	0.446153846154		0.357142857143	0.466257668712	0.454918032787	0.357142857143	0.459459459459	0.524202526405
201937	Rubio, Ricky	77	1.25	3.53	0.353	47.0	139.0	49	130	0.0	1.0	0.96	2.56	0.27	0.96	0.0	0.01	0.03	0.08	0.27	0.88	0.95	2.56	0.03	0.09	1.22	3.44	49.0	131.0	0.308431865828	0.276488517745	0.0824859002169	0.181344680851	0.32899771167	0.26877002584	0.169497109827	0.253163793103	0.296849753695	0.343805491991	0.225381957774	0.321190984579	0.338129496403	0.376923076923	0.0	0.374045801527	0.375	0.28125	0.0	0.375	0.306818181818	0.37109375	0.333333333333	0.354651162791	0.402359744429
203496	Covington, Robert	79	2.56	6.8	0.376	41.0	109.0	161	432	1.0	5.0	2.39	6.32	0.16	0.48	0.0	0.1	0.62	1.62	1.14	2.96	0.8	2.11	0.62	1.72	1.94	5.07	162.0	437.0	0.308431865828	0.276488517745	0.0824859002169	0.181344680851	0.32899771167	0.26877002584	0.169497109827	0.253163793103	0.296849753695	0.343805491991	0.225381957774	0.321190984579	0.376146788991	0.372685185185	0.2	0.370709382151	0.378164556962	0.333333333333	0.0	0.382716049383	0.385135135135	0.379146919431	0.360465116279	0.382642998028	0.458613139702
203918	Hood, Rodney	60	2.12	5.53	0.383	42.0	113.0	83	212	2.0	6.0	1.4	3.67	0.67	1.8	0.05	0.07	0.4	0.98	0.73	2.3	0.93	2.18	0.45	1.05	1.66	4.48	85.0	218.0	0.308431865828	0.276488517745	0.0824859002169	0.181344680851	0.32899771167	0.26877002584	0.169497109827	0.253163793103	0.296849753695	0.343805491991	0.225381957774	0.321190984579	0.371681415929	0.391509433962	0.333333333333	0.389908256881	0.381471389646	0.372222222222	0.714285714286	0.408163265306	0.317391304348	0.426605504587	0.428571428571	0.370535714286	0.461891029628
200752	Gay, Rudy	57	0.65	2.07	0.314	14.0	50.0	23	62	0.0	0.0	0.53	1.63	0.12	0.42	0.0	0.02	0.04	0.18	0.23	0.77	0.39	1.11	0.04	0.2	0.62	1.88	23.0	62.0	0.308431865828	0.276488517745	0.0824859002169	0.181344680851	0.32899771167	0.26877002584	0.169497109827	0.253163793103	0.296849753695	0.343805491991	0.225381957774	0.321190984579	0.28	0.370967741935		0.370967741935	0.325153374233	0.285714285714	0.0	0.222222222222	0.298701298701	0.351351351351	0.2	0.329787234043	0.376648470164
201566	Westbrook, Russell	78	1.22	4.05	0.301	35.0	108.0	61	210	1.0	5.0	0.33	0.97	0.81	2.88	0.0	0.04	0.13	0.51	0.65	2.35	0.44	1.15	0.13	0.55	1.09	3.5	62.0	215.0	0.308431865828	0.276488517745	0.0824859002169	0.181344680851	0.32899771167	0.26877002584	0.169497109827	0.253163793103	0.296849753695	0.343805491991	0.225381957774	0.321190984579	0.324074074074	0.290476190476	0.2	0.288372093023	0.340206185567	0.28125	0.0	0.254901960784	0.276595744681	0.382608695652	0.236363636364	0.311428571429	0.364319442262
201583	Anderson, Ryan	66	1.98	5.12	0.388	27.0	69.0	99	250	5.0	20.0	1.79	4.67	0.12	0.38	0.0	0.0	0.02	0.03	0.61	1.77	1.36	3.32	0.02	0.03	1.97	5.09	104.0	270.0	0.308431865828	0.276488517745	0.0824859002169	0.181344680851	0.32899771167	0.26877002584	0.169497109827	0.253163793103	0.296849753695	0.343805491991	0.225381957774	0.321190984579	0.391304347826	0.396	0.25	0.385185185185	0.38329764454	0.315789473684		0.666666666667	0.344632768362	0.409638554217	0.666666666667	0.387033398821	0.458433943263
203930	Kilpatrick, Sean	52	0.88	2.77	0.319	22.0	74.0	24	66	0.0	1.0	0.65	1.88	0.23	0.85	0.0	0.0	0.04	0.17	0.42	1.19	0.42	1.4	0.04	0.17	0.84	2.59	24.0	67.0	0.308431865828	0.276488517745	0.0824859002169	0.181344680851	0.32899771167	0.26877002584	0.169497109827	0.253163793103	0.296849753695	0.343805491991	0.225381957774	0.321190984579	0.297297297297	0.363636363636	0.0	0.358208955224	0.345744680851	0.270588235294		0.235294117647	0.352941176471	0.3	0.235294117647	0.324324324324	0.370583935746
201586	Ibaka, Serge	76	1.41	3.87	0.364	44.0	104.0	63	193	0.0	0.0	1.32	3.59	0.03	0.14	0.0	0.0	0.11	0.3	0.42	1.14	0.88	2.42	0.11	0.3	1.3	3.56	63.0	193.0	0.308431865828	0.276488517745	0.0824859002169	0.181344680851	0.32899771167	0.26877002584	0.169497109827	0.253163793103	0.296849753695	0.343805491991	0.225381957774	0.321190984579	0.423076923077	0.326424870466		0.326424870466	0.367688022284	0.214285714286		0.366666666667	0.368421052632	0.363636363636	0.366666666667	0.365168539326	0.416685531188
203894	Napier, Shabazz	74	1.09	2.91	0.377	34.0	93.0	48	124	0.0	1.0	0.72	1.59	0.34	1.18	0.0	0.03	0.11	0.36	0.45	1.26	0.54	1.26	0.11	0.39	0.99	2.52	48.0	125.0	0.308431865828	0.276488517745	0.0824859002169	0.181344680851	0.32899771167	0.26877002584	0.169497109827	0.253163793103	0.296849753695	0.343805491991	0.225381957774	0.321190984579	0.365591397849	0.387096774194	0.0	0.384	0.452830188679	0.28813559322	0.0	0.305555555556	0.357142857143	0.428571428571	0.282051282051	0.392857142857	0.444901616933
203915	Dinwiddie, Spencer	78	1.76	5.37	0.327	40.0	121.0	90	286	10.0	22.0	0.87	2.35	0.86	2.94	0.04	0.17	0.26	0.91	0.82	2.65	0.64	1.64	0.3	1.08	1.46	4.29	100.0	308.0	0.308431865828	0.276488517745	0.0824859002169	0.181344680851	0.32899771167	0.26877002584	0.169497109827	0.253163793103	0.296849753695	0.343805491991	0.225381957774	0.321190984579	0.330578512397	0.314685314685	0.454545454545	0.324675324675	0.370212765957	0.292517006803	0.235294117647	0.285714285714	0.309433962264	0.390243902439	0.277777777778	0.340326340326	0.401551741179
1626169	Johnson, Stanley	69	0.97	3.35	0.29	36.0	107.0	31	123	0.0	1.0	0.9	2.84	0.06	0.43	0.0	0.01	0.03	0.17	0.25	1.07	0.7	2.09	0.03	0.18	0.95	3.16	31.0	124.0	0.308431865828	0.276488517745	0.0824859002169	0.181344680851	0.32899771167	0.26877002584	0.169497109827	0.253163793103	0.296849753695	0.343805491991	0.225381957774	0.321190984579	0.336448598131	0.252032520325	0.0	0.25	0.316901408451	0.139534883721	0.0	0.176470588235	0.233644859813	0.334928229665	0.166666666667	0.300632911392	0.326337240069
201939	Curry, Stephen	51	4.16	9.76	0.426	54.0	133.0	154	351	3.0	7.0	2.27	5.22	1.82	4.45	0.1	0.24	0.55	1.76	1.59	3.69	1.92	4.08	0.65	2.0	3.51	7.77	157.0	358.0	0.308431865828	0.276488517745	0.0824859002169	0.181344680851	0.32899771167	0.26877002584	0.169497109827	0.253163793103	0.296849753695	0.343805491991	0.225381957774	0.321190984579	0.406015037594	0.438746438746	0.428571428571	0.438547486034	0.434865900383	0.408988764045	0.416666666667	0.3125	0.430894308943	0.470588235294	0.325	0.451737451737	0.52434317041
1627752	Prince, Taurean	81	2.14	5.58	0.383	85.0	218.0	91	236	0.0	3.0	1.7	4.05	0.4	1.37	0.02	0.02	0.16	0.52	0.95	2.49	1.0	2.54	0.18	0.54	1.95	5.03	91.0	239.0	0.308431865828	0.276488517745	0.0824859002169	0.181344680851	0.32899771167	0.26877002584	0.169497109827	0.253163793103	0.296849753695	0.343805491991	0.225381957774	0.321190984579	0.389908256881	0.385593220339	0.0	0.380753138075	0.41975308642	0.29197080292	1.0	0.307692307692	0.381526104418	0.393700787402	0.333333333333	0.387673956262	0.441600876516
1626179	Rozier, Terry	77	1.94	5.04	0.384	47.0	131.0	104	259	2.0	3.0	1.18	2.94	0.75	2.09	0.03	0.04	0.21	0.56	0.77	1.99	0.94	2.45	0.24	0.6	1.71	4.44	106.0	262.0	0.308431865828	0.276488517745	0.0824859002169	0.181344680851	0.32899771167	0.26877002584	0.169497109827	0.253163793103	0.296849753695	0.343805491991	0.225381957774	0.321190984579	0.358778625954	0.401544401544	0.666666666667	0.404580152672	0.401360544218	0.358851674641	0.75	0.375	0.386934673367	0.383673469388	0.4	0.385135135135	0.46753059662
201152	Young, Thaddeus	80	0.73	2.24	0.324	26.0	80.0	32	99	0.0	0.0	0.64	2.03	0.04	0.15	0.0	0.0	0.03	0.06	0.13	0.36	0.58	1.81	0.03	0.06	0.71	2.17	32.0	99.0	0.308431865828	0.276488517745	0.0824859002169	0.181344680851	0.32899771167	0.26877002584	0.169497109827	0.253163793103	0.296849753695	0.343805491991	0.225381957774	0.321190984579	0.325	0.323232323232		0.323232323232	0.315270935961	0.266666666667		0.5	0.361111111111	0.32044198895	0.5	0.327188940092	0.3676338262
203501	Hardaway Jr., Tim	57	2.26	6.98	0.324	37.0	99.0	93	299	0.0	5.0	1.6	4.68	0.65	2.25	0.02	0.07	0.23	1.0	1.14	3.72	0.88	2.19	0.25	1.07	2.02	5.91	93.0	304.0	0.308431865828	0.276488517745	0.0824859002169	0.181344680851	0.32899771167	0.26877002584	0.169497109827	0.253163793103	0.296849753695	0.343805491991	0.225381957774	0.321190984579	0.373737373737	0.311036789298	0.0	0.305921052632	0.34188034188	0.288888888889	0.285714285714	0.23	0.306451612903	0.401826484018	0.233644859813	0.34179357022	0.390146238014
1627789	Luwawu-Cabarrot, Timothe	51	1.04	3.08	0.338	22.0	68.0	31	89	0.0	1.0	0.94	2.88	0.08	0.18	0.0	0.0	0.02	0.14	0.29	0.76	0.73	2.18	0.02	0.14	1.02	2.94	31.0	90.0	0.308431865828	0.276488517745	0.0824859002169	0.181344680851	0.32899771167	0.26877002584	0.169497109827	0.253163793103	0.296849753695	0.343805491991	0.225381957774	0.321190984579	0.323529411765	0.348314606742	0.0	0.344444444444	0.326388888889	0.444444444444		0.142857142857	0.381578947368	0.334862385321	0.142857142857	0.34693877551	0.384185725059
202699	Harris, Tobias	80	2.29	5.54	0.413	65.0	163.0	118	279	0.0	1.0	1.84	4.46	0.44	1.04	0.0	0.03	0.16	0.43	0.98	2.55	1.15	2.54	0.16	0.46	2.13	5.09	118.0	280.0	0.308431865828	0.276488517745	0.0824859002169	0.181344680851	0.32899771167	0.26877002584	0.169497109827	0.253163793103	0.296849753695	0.343805491991	0.225381957774	0.321190984579	0.398773006135	0.4229390681	0.0	0.421428571429	0.412556053812	0.423076923077	0.0	0.372093023256	0.38431372549	0.452755905512	0.347826086957	0.418467583497	0.485700949414
203503	Snell, Tony	74	1.42	3.54	0.401	49.0	122.0	59	146	0.0	0.0	1.36	3.39	0.05	0.14	0.0	0.01	0.03	0.08	0.43	1.01	0.96	2.43	0.03	0.09	1.39	3.44	59.0	146.0	0.308431865828	0.276488517745	0.0824859002169	0.181344680851	0.32899771167	0.26877002584	0.169497109827	0.253163793103	0.296849753695	0.343805491991	0.225381957774	0.321190984579	0.401639344262	0.404109589041		0.404109589041	0.401179941003	0.357142857143	0.0	0.375	0.425742574257	0.395061728395	0.333333333333	0.404069767442	0.455251047473
2772	Ariza, Trevor	67	2.54	6.88	0.369	108.0	261.0	62	197	0.0	2.0	2.22	5.57	0.28	1.18	0.0	0.03	0.31	1.13	0.84	2.39	1.39	3.33	0.31	1.16	2.23	5.72	62.0	199.0	0.308431865828	0.276488517745	0.0824859002169	0.181344680851	0.32899771167	0.26877002584	0.169497109827	0.253163793103	0.296849753695	0.343805491991	0.225381957774	0.321190984579	0.413793103448	0.314720812183	0.0	0.311557788945	0.398563734291	0.237288135593	0.0	0.274336283186	0.351464435146	0.417417417417	0.26724137931	0.38986013986	0.410675794765
1626168	Lyles, Trey	72	1.15	3.01	0.382	37.0	91.0	45	122	0.0	0.0	1.03	2.61	0.07	0.35	0.0	0.07	0.1	0.25	0.47	1.18	0.58	1.51	0.1	0.32	1.05	2.69	45.0	122.0	0.308431865828	0.276488517745	0.0824859002169	0.181344680851	0.32899771167	0.26877002584	0.169497109827	0.253163793103	0.296849753695	0.343805491991	0.225381957774	0.321190984579	0.406593406593	0.368852459016		0.368852459016	0.394636015326	0.2	0.0	0.4	0.398305084746	0.384105960265	0.3125	0.390334572491	0.435379131351
203584	Daniels, Troy	79	2.32	5.7	0.407	79.0	169.0	102	279	2.0	8.0	1.75	4.29	0.56	1.35	0.0	0.04	0.44	1.23	1.13	2.81	0.75	1.62	0.44	1.27	1.88	4.43	104.0	287.0	0.308431865828	0.276488517745	0.0824859002169	0.181344680851	0.32899771167	0.26877002584	0.169497109827	0.253163793103	0.296849753695	0.343805491991	0.225381957774	0.321190984579	0.467455621302	0.365591397849	0.25	0.362369337979	0.407925407925	0.414814814815	0.0	0.357723577236	0.402135231317	0.462962962963	0.346456692913	0.424379232506	0.477601526989
1628416	Dorsey, Tyler	56	1.29	3.54	0.364	30.0	87.0	42	106	0.0	2.0	0.89	2.5	0.39	1.02	0.0	0.0	0.04	0.34	0.66	1.5	0.59	1.7	0.04	0.34	1.25	3.2	42.0	108.0	0.308431865828	0.276488517745	0.0824859002169	0.181344680851	0.32899771167	0.26877002584	0.169497109827	0.253163793103	0.296849753695	0.343805491991	0.225381957774	0.321190984579	0.344827586207	0.396226415094	0.0	0.388888888889	0.356	0.382352941176		0.117647058824	0.44	0.347058823529	0.117647058824	0.390625	0.42594917769
204020	Johnson, Tyler	71	1.65	4.45	0.37	54.0	142.0	65	181	0.0	0.0	1.54	4.1	0.1	0.3	0.0	0.01	0.06	0.18	0.69	1.68	0.9	2.58	0.06	0.19	1.59	4.26	65.0	181.0	0.308431865828	0.276488517745	0.0824859002169	0.181344680851	0.32899771167	0.26877002584	0.169497109827	0.253163793103	0.296849753695	0.343805491991	0.225381957774	0.321190984579	0.380281690141	0.359116022099		0.359116022099	0.375609756098	0.333333333333	0.0	0.333333333333	0.410714285714	0.348837209302	0.315789473684	0.37323943662	0.421262711932
1627755	Ulis, Tyler	71	0.59	2.03	0.292	9.0	41.0	31	95	2.0	4.0	0.25	0.8	0.34	1.21	0.0	0.01	0.01	0.06	0.07	0.34	0.51	1.62	0.01	0.07	0.58	1.96	33.0	99.0	0.308431865828	0.276488517745	0.0824859002169	0.181344680851	0.32899771167	0.26877002584	0.169497109827	0.253163793103	0.296849753695	0.343805491991	0.225381957774	0.321190984579	0.219512195122	0.326315789474	0.5	0.333333333333	0.3125	0.280991735537	0.0	0.166666666667	0.205882352941	0.314814814815	0.142857142857	0.295918367347	0.363120534958
201936	Evans, Tyreke	52	2.19	5.48	0.4	22.0	53.0	91	230	1.0	1.0	0.81	2.08	1.33	3.23	0.0	0.02	0.23	0.83	1.1	2.65	0.87	1.98	0.23	0.85	1.97	4.63	92.0	231.0	0.308431865828	0.276488517745	0.0824859002169	0.181344680851	0.32899771167	0.26877002584	0.169497109827	0.253163793103	0.296849753695	0.343805491991	0.225381957774	0.321190984579	0.415094339623	0.395652173913	1.0	0.398268398268	0.389423076923	0.411764705882	0.0	0.277108433735	0.415094339623	0.439393939394	0.270588235294	0.425485961123	0.502290468731
203506	Oladipo, Victor	74	2.14	5.69	0.375	39.0	86.0	122	343	0.0	2.0	1.09	2.77	1.01	2.86	0.0	0.05	0.26	0.8	1.24	3.08	0.64	1.76	0.26	0.85	1.88	4.84	122.0	345.0	0.308431865828	0.276488517745	0.0824859002169	0.181344680851	0.32899771167	0.26877002584	0.169497109827	0.253163793103	0.296849753695	0.343805491991	0.225381957774	0.321190984579	0.453488372093	0.355685131195	0.0	0.353623188406	0.393501805054	0.353146853147	0.0	0.325	0.402597402597	0.363636363636	0.305882352941	0.388429752066	0.460215441122
1713	Carter, Vince	58	0.97	2.79	0.346	16.0	53.0	41	109	0.0	1.0	0.9	2.34	0.05	0.4	0.0	0.0	0.14	0.43	0.52	1.29	0.31	1.07	0.14	0.43	0.83	2.36	41.0	110.0	0.308431865828	0.276488517745	0.0824859002169	0.181344680851	0.32899771167	0.26877002584	0.169497109827	0.253163793103	0.296849753695	0.343805491991	0.225381957774	0.321190984579	0.301886792453	0.376146788991	0.0	0.372727272727	0.384615384615	0.125		0.325581395349	0.403100775194	0.289719626168	0.325581395349	0.351694915254	0.415258331284
201961	Ellington, Wayne	76	2.97	7.5	0.396	93.0	218.0	133	355	1.0	5.0	2.33	5.84	0.63	1.64	0.13	0.25	0.75	2.04	1.03	2.78	1.07	2.43	0.88	2.29	2.1	5.21	134.0	360.0	0.308431865828	0.276488517745	0.0824859002169	0.181344680851	0.32899771167	0.26877002584	0.169497109827	0.253163793103	0.296849753695	0.343805491991	0.225381957774	0.321190984579	0.426605504587	0.374647887324	0.2	0.372222222222	0.39897260274	0.384146341463	0.52	0.367647058824	0.370503597122	0.440329218107	0.384279475983	0.403071017274	0.472336877454
202325	Johnson, Wesley	74	0.81	2.38	0.341	42.0	120.0	18	56	0.0	0.0	0.73	2.15	0.08	0.22	0.0	0.0	0.07	0.35	0.27	0.81	0.47	1.22	0.07	0.35	0.74	2.03	18.0	56.0	0.308431865828	0.276488517745	0.0824859002169	0.181344680851	0.32899771167	0.26877002584	0.169497109827	0.253163793103	0.296849753695	0.343805491991	0.225381957774	0.321190984579	0.35	0.321428571429		0.321428571429	0.339534883721	0.363636363636		0.2	0.333333333333	0.385245901639	0.2	0.364532019704	0.371585833464
202083	Matthews, Wesley	63	2.43	6.32	0.384	73.0	165.0	79	233	1.0	2.0	1.92	5.0	0.49	1.29	0.0	0.03	0.17	0.54	0.76	2.16	1.49	3.59	0.17	0.57	2.25	5.75	80.0	235.0	0.308431865828	0.276488517745	0.0824859002169	0.181344680851	0.32899771167	0.26877002584	0.169497109827	0.253163793103	0.296849753695	0.343805491991	0.225381957774	0.321190984579	0.442424242424	0.339055793991	0.5	0.340425531915	0.384	0.37984496124	0.0	0.314814814815	0.351851851852	0.41504178273	0.298245614035	0.391304347826	0.439203786858
203115	Barton, Will	80	1.91	5.16	0.37	53.0	144.0	102	271	1.0	4.0	1.21	3.05	0.69	2.04	0.0	0.0	0.24	0.64	0.79	2.59	0.89	1.94	0.24	0.64	1.68	4.53	103.0	275.0	0.308431865828	0.276488517745	0.0824859002169	0.181344680851	0.32899771167	0.26877002584	0.169497109827	0.253163793103	0.296849753695	0.343805491991	0.225381957774	0.321190984579	0.368055555556	0.376383763838	0.25	0.374545454545	0.396721311475	0.338235294118		0.375	0.305019305019	0.458762886598	0.375	0.370860927152	0.446451415108
201163	Chandler, Wilson	74	1.19	3.32	0.358	43.0	119.0	45	125	0.0	2.0	1.03	2.69	0.12	0.54	0.01	0.03	0.28	0.73	0.53	1.73	0.36	0.84	0.29	0.76	0.89	2.57	45.0	127.0	0.308431865828	0.276488517745	0.0824859002169	0.181344680851	0.32899771167	0.26877002584	0.169497109827	0.253163793103	0.296849753695	0.343805491991	0.225381957774	0.321190984579	0.361344537815	0.36	0.0	0.354330708661	0.382899628253	0.222222222222	0.333333333333	0.383561643836	0.306358381503	0.428571428571	0.381578947368	0.346303501946	0.413885542765
1627812	Ferrell, Yogi	82	1.63	4.33	0.377	61.0	139.0	73	217	0.0	2.0	1.09	2.77	0.55	1.55	0.0	0.02	0.15	0.29	0.61	1.72	0.88	2.29	0.15	0.31	1.49	4.01	73.0	219.0	0.308431865828	0.276488517745	0.0824859002169	0.181344680851	0.32899771167	0.26877002584	0.169497109827	0.253163793103	0.296849753695	0.343805491991	0.225381957774	0.321190984579	0.438848920863	0.336405529954	0.0	0.333333333333	0.393501805054	0.354838709677	0.0	0.51724137931	0.354651162791	0.384279475983	0.483870967742	0.371571072319	0.439917408372
2216	Randolph, Zach	59	0.86	2.49	0.347	17.0	46.0	34	98	0.0	1.0	0.85	2.42	0.02	0.07	0.0	0.0	0.03	0.1	0.15	0.61	0.68	1.78	0.03	0.1	0.83	2.39	34.0	99.0	0.308431865828	0.276488517745	0.0824859002169	0.181344680851	0.32899771167	0.26877002584	0.169497109827	0.253163793103	0.296849753695	0.343805491991	0.225381957774	0.321190984579	0.369565217391	0.34693877551	0.0	0.343434343434	0.351239669421	0.285714285714		0.3	0.245901639344	0.38202247191	0.3	0.347280334728	0.405917126677
